Site,Est_date,Base_date,Lat,Long,Type,SET#,Azi,Align,Elev_ftNAVD88,SET_depth_ft,Sed_depth_ft,Veg,Water,Elev_ave,Elev_max,Elev_min,SET_name,Pin_ft,Pin_mm,Pin_ft_v2,Pin_mm_v2,Accre_orig,Accre_1,Accre_2,Accre_3,Accre_4,Accre_5,Date_accre_orig,Date_accre_1,Date_accre_2,Date_accre_3,Date_accre_4,Date_accre_5,Note
LO1,3/24/1999,8/8/2000,25.61225,-81.02526,Original,1,90,NA,1.94,1.64,1.64,Wet prairie,freshwater,-0.06,0.04,-0.24,Cahoon 99-2,5,1521,4,1222,"1a, 1b, 1c","1a, 1b, 1c",NA,NA,NA,NA,2/18/2000,3/15/2004,NA,NA,NA,NA,NA
LO1,3/24/1999,8/8/2000,25.61225,-81.02526,Original,1,135,NA,1.95,1.64,1.64,Wet prairie,freshwater,-0.06,0.04,-0.24,Cahoon 99-2,5,1521,4,1222,"1a, 1b, 1c","1a, 1b, 1c",NA,NA,NA,NA,2/18/2000,3/15/2004,NA,NA,NA,NA,NA
LO1,3/24/1999,8/8/2000,25.61225,-81.02526,Original,1,180,NA,1.97,1.64,1.64,Wet prairie,freshwater,-0.06,0.04,-0.24,Cahoon 99-2,5,1521,4,1222,"1a, 1b, 1c","1a, 1b, 1c",NA,NA,NA,NA,2/18/2000,3/15/2004,NA,NA,NA,NA,NA
LO1,3/24/1999,8/8/2000,25.61225,-81.02526,Original,1,270,NA,1.95,1.64,1.64,Wet prairie,freshwater,-0.06,0.04,-0.24,Cahoon 99-2,5,1521,4,1222,"1a, 1b, 1c","1a, 1b, 1c",NA,NA,NA,NA,2/18/2000,3/15/2004,NA,NA,NA,NA,NA
LO1,3/24/1999,8/8/2000,25.61225,-81.02526,Original,2,90,NA,2.34,1.64,1.64,Wet prairie,freshwater,-0.06,0.04,-0.24,Cahoon 99-2,5,1521,4,1222,"2a, 2b, 2c","2a, 2b, 2c",NA,NA,NA,NA,2/18/2000,3/15/2004,NA,NA,NA,NA,NA
LO1,3/24/1999,8/8/2000,25.61225,-81.02526,Original,2,180,NA,2.36,1.64,1.64,Wet prairie,freshwater,-0.06,0.04,-0.24,Cahoon 99-2,5,1521,4,1222,"2a, 2b, 2c","2a, 2b, 2c",NA,NA,NA,NA,2/18/2000,3/15/2004,NA,NA,NA,NA,NA
LO1,3/24/1999,8/8/2000,25.61225,-81.02526,Original,2,270,NA,2.31,1.64,1.64,Wet prairie,freshwater,-0.06,0.04,-0.24,Cahoon 99-2,5,1521,4,1222,"2a, 2b, 2c","2a, 2b, 2c",NA,NA,NA,NA,2/18/2000,3/15/2004,NA,NA,NA,NA,NA
LO1,3/24/1999,8/8/2000,25.61225,-81.02526,Original,2,315,NA,2.33,1.64,1.64,Wet prairie,freshwater,-0.06,0.04,-0.24,Cahoon 99-2,5,1521,4,1222,"2a, 2b, 2c","2a, 2b, 2c",NA,NA,NA,NA,2/18/2000,3/15/2004,NA,NA,NA,NA,NA
LO1,3/24/1999,8/8/2000,25.61225,-81.02526,Original,3,0,NA,2.31,1.64,1.64,Wet prairie,freshwater,-0.06,0.04,-0.24,Cahoon 99-2,5,1521,4,1222,"3a, 3b, 3c","3a, 3b, 3c",NA,NA,NA,NA,2/18/2000,3/15/2004,NA,NA,NA,NA,NA
LO1,3/24/1999,8/8/2000,25.61225,-81.02526,Original,3,90,NA,2.34,1.64,1.64,Wet prairie,freshwater,-0.06,0.04,-0.24,Cahoon 99-2,5,1521,4,1222,"3a, 3b, 3c","3a, 3b, 3c",NA,NA,NA,NA,2/18/2000,3/15/2004,NA,NA,NA,NA,NA
LO1,3/24/1999,8/8/2000,25.61225,-81.02526,Original,3,135,NA,2.27,1.64,1.64,Wet prairie,freshwater,-0.06,0.04,-0.24,Cahoon 99-2,5,1521,4,1222,"3a, 3b, 3c","3a, 3b, 3c",NA,NA,NA,NA,2/18/2000,3/15/2004,NA,NA,NA,NA,NA
LO1,3/24/1999,8/8/2000,25.61225,-81.02526,Original,3,180,NA,2.28,1.64,1.64,Wet prairie,freshwater,-0.06,0.04,-0.24,Cahoon 99-2,5,1521,4,1222,"3a, 3b, 3c","3a, 3b, 3c",NA,NA,NA,NA,2/18/2000,3/15/2004,NA,NA,NA,NA,NA
LO1,3/13/2007,5/8/2007,25.61225,-81.02526,Shallow,1,0,1st hole up from bottom,1.32,1.64,1.15,Wet prairie,freshwater,-0.06,0.04,-0.24,TJS 2002,2.5,754,2.5,762,"1a, 1b, 1c","1a, 1b, 1c",NA,NA,NA,NA,2/18/2000,3/15/2004,NA,NA,NA,NA,NA
LO1,3/13/2007,5/8/2007,25.61225,-81.02526,Shallow,1,135,1st hole up from bottom,1.32,1.64,1.15,Wet prairie,freshwater,-0.06,0.04,-0.24,TJS 2002,2.5,754,2.5,762,"1a, 1b, 1c","1a, 1b, 1c",NA,NA,NA,NA,2/18/2000,3/15/2004,NA,NA,NA,NA,NA
LO1,3/13/2007,5/8/2007,25.61225,-81.02526,Shallow,1,180,1st hole up from bottom,1.32,1.64,1.15,Wet prairie,freshwater,-0.06,0.04,-0.24,TJS 2002,2.5,754,2.5,762,"1a, 1b, 1c","1a, 1b, 1c",NA,NA,NA,NA,2/18/2000,3/15/2004,NA,NA,NA,NA,NA
LO1,3/13/2007,5/8/2007,25.61225,-81.02526,Shallow,1,270,1st hole up from bottom,1.32,1.64,1.15,Wet prairie,freshwater,-0.06,0.04,-0.24,TJS 2002,2.5,754,2.5,762,"1a, 1b, 1c","1a, 1b, 1c",NA,NA,NA,NA,2/18/2000,3/15/2004,NA,NA,NA,NA,NA
LO1,3/13/2007,5/8/2007,25.61225,-81.02526,Shallow,2,80,1st hole up from bottom,1.38,1.64,1.15,Wet prairie,freshwater,-0.06,0.04,-0.24,TJS 2002,2.5,754,2.5,762,"2a, 2b, 2c","2a, 2b, 2c",NA,NA,NA,NA,2/18/2000,3/15/2004,NA,NA,NA,NA,NA
LO1,3/13/2007,5/8/2007,25.61225,-81.02526,Shallow,2,170,1st hole up from bottom,1.41,1.64,1.15,Wet prairie,freshwater,-0.06,0.04,-0.24,TJS 2002,2.5,754,2.5,762,"2a, 2b, 2c","2a, 2b, 2c",NA,NA,NA,NA,2/18/2000,3/15/2004,NA,NA,NA,NA,NA
LO1,3/13/2007,5/8/2007,25.61225,-81.02526,Shallow,2,260,1st hole up from bottom,1.39,1.64,1.15,Wet prairie,freshwater,-0.06,0.04,-0.24,TJS 2002,2.5,754,2.5,762,"2a, 2b, 2c","2a, 2b, 2c",NA,NA,NA,NA,2/18/2000,3/15/2004,NA,NA,NA,NA,NA
LO1,3/13/2007,5/8/2007,25.61225,-81.02526,Shallow,2,355,1st hole up from bottom,1.39,1.64,1.15,Wet prairie,freshwater,-0.06,0.04,-0.24,TJS 2002,2.5,754,2.5,762,"2a, 2b, 2c","2a, 2b, 2c",NA,NA,NA,NA,2/18/2000,3/15/2004,NA,NA,NA,NA,NA
LO1,3/13/2007,5/8/2007,25.61225,-81.02526,Shallow,3,15,1st hole up from bottom,1.17,1.64,1.15,Wet prairie,freshwater,-0.06,0.04,-0.24,TJS 2002,2.5,754,2.5,762,"3a, 3b, 3c","3a, 3b, 3c",NA,NA,NA,NA,2/18/2000,3/15/2004,NA,NA,NA,NA,NA
LO1,3/13/2007,5/8/2007,25.61225,-81.02526,Shallow,3,115,1st hole up from bottom,1.17,1.64,1.15,Wet prairie,freshwater,-0.06,0.04,-0.24,TJS 2002,2.5,754,2.5,762,"3a, 3b, 3c","3a, 3b, 3c",NA,NA,NA,NA,2/18/2000,3/15/2004,NA,NA,NA,NA,NA
LO1,3/13/2007,5/8/2007,25.61225,-81.02526,Shallow,3,210,1st hole up from bottom,1.19,1.64,1.15,Wet prairie,freshwater,-0.06,0.04,-0.24,TJS 2002,2.5,754,2.5,762,"3a, 3b, 3c","3a, 3b, 3c",NA,NA,NA,NA,2/18/2000,3/15/2004,NA,NA,NA,NA,NA
LO1,3/13/2007,5/8/2007,25.61225,-81.02526,Shallow,3,290,1st hole up from bottom,1.18,1.64,1.15,Wet prairie,freshwater,-0.06,0.04,-0.24,TJS 2002,2.5,754,2.5,762,"3a, 3b, 3c","3a, 3b, 3c",NA,NA,NA,NA,2/18/2000,3/15/2004,NA,NA,NA,NA,NA
LO2,3/25/1999,8/9/2000,25.59316,-81.04154,Original,1,15,NA,2.17,1.71,1.71,Marsh,saltwater,-0.69,-0.55,-0.77,Cahoon 99-2,5,1521,4,1222,"1a, 1b, 1c",NA,NA,NA,NA,NA,8/9/2000,NA,NA,NA,NA,NA,NA
LO2,3/25/1999,8/9/2000,25.59316,-81.04154,Original,1,105,NA,2.17,1.71,1.71,Marsh,saltwater,-0.69,-0.55,-0.77,Cahoon 99-2,5,1521,4,1222,"1a, 1b, 1c",NA,NA,NA,NA,NA,8/9/2000,NA,NA,NA,NA,NA,NA
LO2,3/25/1999,8/9/2000,25.59316,-81.04154,Original,1,195,NA,2.16,1.71,1.71,Marsh,saltwater,-0.69,-0.55,-0.77,Cahoon 99-2,5,1521,4,1222,"1a, 1b, 1c",NA,NA,NA,NA,NA,8/9/2000,NA,NA,NA,NA,NA,NA
LO2,3/25/1999,8/9/2000,25.59316,-81.04154,Original,1,240,NA,2.16,1.71,1.71,Marsh,saltwater,-0.69,-0.55,-0.77,Cahoon 99-2,5,1521,4,1222,"1a, 1b, 1c",NA,NA,NA,NA,NA,8/9/2000,NA,NA,NA,NA,NA,NA
LO2,3/25/1999,8/9/2000,25.59316,-81.04154,Original,2,65,NA,2.43,1.71,1.71,Marsh,saltwater,-0.69,-0.55,-0.77,Cahoon 99-2,5,1521,4,1222,"2a, 2b, 2c",NA,NA,NA,NA,NA,8/9/2000,NA,NA,NA,NA,NA,NA
LO2,3/25/1999,8/9/2000,25.59316,-81.04154,Original,2,200,NA,2.4,1.71,1.71,Marsh,saltwater,-0.69,-0.55,-0.77,Cahoon 99-2,5,1521,4,1222,"2a, 2b, 2c",NA,NA,NA,NA,NA,8/9/2000,NA,NA,NA,NA,NA,NA
LO2,3/25/1999,8/9/2000,25.59316,-81.04154,Original,2,245,NA,2.41,1.71,1.71,Marsh,saltwater,-0.69,-0.55,-0.77,Cahoon 99-2,5,1521,4,1222,"2a, 2b, 2c",NA,NA,NA,NA,NA,8/9/2000,NA,NA,NA,NA,NA,NA
LO2,3/25/1999,8/9/2000,25.59316,-81.04154,Original,2,335,NA,2.4,1.71,1.71,Marsh,saltwater,-0.69,-0.55,-0.77,Cahoon 99-2,5,1521,4,1222,"2a, 2b, 2c",NA,NA,NA,NA,NA,8/9/2000,NA,NA,NA,NA,NA,NA
LO2,3/25/1999,8/9/2000,25.59316,-81.04154,Original,3,105,NA,2.15,1.71,1.71,Marsh,saltwater,-0.69,-0.55,-0.77,Cahoon 99-2,5,1521,4,1222,"3a, 3b, 3c",NA,NA,NA,NA,NA,8/9/2000,NA,NA,NA,NA,NA,NA
LO2,3/25/1999,8/9/2000,25.59316,-81.04154,Original,3,150,NA,2.15,1.71,1.71,Marsh,saltwater,-0.69,-0.55,-0.77,Cahoon 99-2,5,1521,4,1222,"3a, 3b, 3c",NA,NA,NA,NA,NA,8/9/2000,NA,NA,NA,NA,NA,NA
LO2,3/25/1999,8/9/2000,25.59316,-81.04154,Original,3,240,NA,2.14,1.71,1.71,Marsh,saltwater,-0.69,-0.55,-0.77,Cahoon 99-2,5,1521,4,1222,"3a, 3b, 3c",NA,NA,NA,NA,NA,8/9/2000,NA,NA,NA,NA,NA,NA
LO2,3/25/1999,8/9/2000,25.59316,-81.04154,Original,3,330,NA,2.13,1.71,1.71,Marsh,saltwater,-0.69,-0.55,-0.77,Cahoon 99-2,5,1521,4,1222,"3a, 3b, 3c",NA,NA,NA,NA,NA,8/9/2000,NA,NA,NA,NA,NA,NA
LO2,3/1/2007,5/8/2007,25.59316,-81.04154,Shallow,1,30,1st hole up from bottom,0.86,1.71,1.15,Marsh,saltwater,-0.69,-0.55,-0.77,TJS 2002,2.5,754,2.5,762,"1a, 1b, 1c",NA,NA,NA,NA,NA,8/9/2000,NA,NA,NA,NA,NA,NA
LO2,3/1/2007,5/8/2007,25.59316,-81.04154,Shallow,1,125,1st hole up from bottom,0.86,1.71,1.15,Marsh,saltwater,-0.69,-0.55,-0.77,TJS 2002,2.5,754,2.5,762,"1a, 1b, 1c",NA,NA,NA,NA,NA,8/9/2000,NA,NA,NA,NA,NA,NA
LO2,3/1/2007,5/8/2007,25.59316,-81.04154,Shallow,1,210,1st hole up from bottom,0.87,1.71,1.15,Marsh,saltwater,-0.69,-0.55,-0.77,TJS 2002,2.5,754,2.5,762,"1a, 1b, 1c",NA,NA,NA,NA,NA,8/9/2000,NA,NA,NA,NA,NA,NA
LO2,3/1/2007,5/8/2007,25.59316,-81.04154,Shallow,1,255,1st hole up from bottom,0.85,1.71,1.15,Marsh,saltwater,-0.69,-0.55,-0.77,TJS 2002,2.5,754,2.5,762,"1a, 1b, 1c",NA,NA,NA,NA,NA,8/9/2000,NA,NA,NA,NA,NA,NA
LO2,3/1/2007,5/8/2007,25.59316,-81.04154,Shallow,2,80,1st hole up from bottom,1.02,1.71,1.15,Marsh,saltwater,-0.69,-0.55,-0.77,TJS 2002,2.5,754,2.5,762,"2a, 2b, 2c",NA,NA,NA,NA,NA,8/9/2000,NA,NA,NA,NA,NA,NA
LO2,3/1/2007,5/8/2007,25.59316,-81.04154,Shallow,2,125,1st hole up from bottom,1.03,1.71,1.15,Marsh,saltwater,-0.69,-0.55,-0.77,TJS 2002,2.5,754,2.5,762,"2a, 2b, 2c",NA,NA,NA,NA,NA,8/9/2000,NA,NA,NA,NA,NA,NA
LO2,3/1/2007,5/8/2007,25.59316,-81.04154,Shallow,2,215,1st hole up from bottom,1.02,1.71,1.15,Marsh,saltwater,-0.69,-0.55,-0.77,TJS 2002,2.5,754,2.5,762,"2a, 2b, 2c",NA,NA,NA,NA,NA,8/9/2000,NA,NA,NA,NA,NA,NA
LO2,3/1/2007,5/8/2007,25.59316,-81.04154,Shallow,2,305,1st hole up from bottom,1.04,1.71,1.15,Marsh,saltwater,-0.69,-0.55,-0.77,TJS 2002,2.5,754,2.5,762,"2a, 2b, 2c",NA,NA,NA,NA,NA,8/9/2000,NA,NA,NA,NA,NA,NA
LO2,3/1/2007,11/19/2007,25.59316,-81.04154,Shallow,3,0,1st hole up from bottom,1.11,1.71,1.15,Marsh,saltwater,-0.69,-0.55,-0.77,TJS 2002,2.5,754,2.5,762,"3a, 3b, 3c",NA,NA,NA,NA,NA,8/9/2000,NA,NA,NA,NA,NA,NA
LO2,3/1/2007,11/19/2007,25.59316,-81.04154,Shallow,3,45,1st hole up from bottom,1.1,1.71,1.15,Marsh,saltwater,-0.69,-0.55,-0.77,TJS 2002,2.5,754,2.5,762,"3a, 3b, 3c",NA,NA,NA,NA,NA,8/9/2000,NA,NA,NA,NA,NA,NA
LO2,3/1/2007,11/19/2007,25.59316,-81.04154,Shallow,3,135,1st hole up from bottom,1.1,1.71,1.15,Marsh,saltwater,-0.69,-0.55,-0.77,TJS 2002,2.5,754,2.5,762,"3a, 3b, 3c",NA,NA,NA,NA,NA,8/9/2000,NA,NA,NA,NA,NA,NA
LO2,3/1/2007,11/19/2007,25.59316,-81.04154,Shallow,3,270,1st hole up from bottom,1.1,1.71,1.15,Marsh,saltwater,-0.69,-0.55,-0.77,TJS 2002,2.5,754,2.5,762,"3a, 3b, 3c",NA,NA,NA,NA,NA,8/9/2000,NA,NA,NA,NA,NA,NA
LO3,1/28/1999,7/14/1999,25.53923,-81.18429,Original,1,80,NA,3.43,10.8,10.8,Forest,saltwater,1.17,1.39,0.96,Foote 96-1,4,1219,4,1223,"1a, 1b, 1c","1a, 1b, 1c",1a,"1x, 1y, 1z",NA,NA,7/14/1999,11/21/2003,2/19/2008,5/9/2017,NA,NA,NA
LO3,1/28/1999,7/14/1999,25.53923,-81.18429,Original,1,255,NA,3.51,10.8,10.8,Forest,saltwater,1.17,1.39,0.96,Foote 96-1,4,1219,4,1223,"1a, 1b, 1c","1a, 1b, 1c",1a,"1x, 1y, 1z",NA,NA,7/14/1999,11/21/2003,2/19/2008,5/9/2017,NA,NA,NA
LO3,1/28/1999,7/14/1999,25.53923,-81.18429,Original,1,300,NA,3.45,10.8,10.8,Forest,saltwater,1.17,1.39,0.96,Foote 96-1,4,1219,4,1223,"1a, 1b, 1c","1a, 1b, 1c",1a,"1x, 1y, 1z",NA,NA,7/14/1999,11/21/2003,2/19/2008,5/9/2017,NA,NA,NA
LO3,1/28/1999,7/14/1999,25.53923,-81.18429,Original,1,345,NA,3.44,10.8,10.8,Forest,saltwater,1.17,1.39,0.96,Foote 96-1,4,1219,4,1223,"1a, 1b, 1c","1a, 1b, 1c",1a,"1x, 1y, 1z",NA,NA,7/14/1999,11/21/2003,2/19/2008,5/9/2017,NA,NA,NA
LO3,1/28/1999,7/14/1999,25.53923,-81.18429,Original,2,25,NA,3.46,10.8,10.8,Forest,saltwater,1.17,1.39,0.96,Foote 96-1,4,1219,4,1223,"2a, 2b, 2c","2a, 2b, 2c",2a,"2x, 2y, 2z",NA,NA,7/14/1999,11/21/2003,2/19/2008,5/9/2017,NA,NA,NA
LO3,1/28/1999,7/14/1999,25.53923,-81.18429,Original,2,60,NA,3.45,10.8,10.8,Forest,saltwater,1.17,1.39,0.96,Foote 96-1,4,1219,4,1223,"2a, 2b, 2c","2a, 2b, 2c",2a,"2x, 2y, 2z",NA,NA,7/14/1999,11/21/2003,2/19/2008,5/9/2017,NA,NA,NA
LO3,1/28/1999,7/14/1999,25.53923,-81.18429,Original,2,150,NA,3.47,10.8,10.8,Forest,saltwater,1.17,1.39,0.96,Foote 96-1,4,1219,4,1223,"2a, 2b, 2c","2a, 2b, 2c",2a,"2x, 2y, 2z",NA,NA,7/14/1999,11/21/2003,2/19/2008,5/9/2017,NA,NA,NA
LO3,1/28/1999,7/14/1999,25.53923,-81.18429,Original,2,240,NA,3.48,10.8,10.8,Forest,saltwater,1.17,1.39,0.96,Foote 96-1,4,1219,4,1223,"2a, 2b, 2c","2a, 2b, 2c",2a,"2x, 2y, 2z",NA,NA,7/14/1999,11/21/2003,2/19/2008,5/9/2017,NA,NA,NA
LO3,1/28/1999,7/14/1999,25.53923,-81.18429,Original,3,80,NA,3.41,10.8,10.8,Forest,saltwater,1.17,1.39,0.96,Foote 96-1,4,1219,4,1223,"3a, 3b, 3c","3a, 3b, 3c",3a,"3x, 3y, 3z",NA,NA,7/14/1999,11/21/2003,2/19/2008,5/9/2017,NA,NA,NA
LO3,1/28/1999,7/14/1999,25.53923,-81.18429,Original,3,260,NA,3.42,10.8,10.8,Forest,saltwater,1.17,1.39,0.96,Foote 96-1,4,1219,4,1223,"3a, 3b, 3c","3a, 3b, 3c",3a,"3x, 3y, 3z",NA,NA,7/14/1999,11/21/2003,2/19/2008,5/9/2017,NA,NA,NA
LO3,1/28/1999,7/14/1999,25.53923,-81.18429,Original,3,300,NA,3.33,10.8,10.8,Forest,saltwater,1.17,1.39,0.96,Foote 96-1,4,1219,4,1223,"3a, 3b, 3c","3a, 3b, 3c",3a,"3x, 3y, 3z",NA,NA,7/14/1999,11/21/2003,2/19/2008,5/9/2017,NA,NA,NA
LO3,1/28/1999,7/14/1999,25.53923,-81.18429,Original,3,350,NA,3.42,10.8,10.8,Forest,saltwater,1.17,1.39,0.96,Foote 96-1,4,1219,4,1223,"3a, 3b, 3c","3a, 3b, 3c",3a,"3x, 3y, 3z",NA,NA,7/14/1999,11/21/2003,2/19/2008,5/9/2017,NA,NA,NA
LO3,2/27/2007,5/14/2007,25.53923,-81.18429,Shallow,1,0,2nd hole up from bottom,3.08,10.8,1.15,Forest,saltwater,1.17,1.39,0.96,TJS 2002,2.5,754,2.5,762,"1a, 1b, 1c","1a, 1b, 1c",1a,"1x, 1y, 1z",NA,NA,7/14/1999,11/21/2003,2/19/2008,5/9/2017,NA,NA,NA
LO3,2/27/2007,5/14/2007,25.53923,-81.18429,Shallow,1,130,2nd hole up from bottom,3.05,10.8,1.15,Forest,saltwater,1.17,1.39,0.96,TJS 2002,2.5,754,2.5,762,"1a, 1b, 1c","1a, 1b, 1c",1a,"1x, 1y, 1z",NA,NA,7/14/1999,11/21/2003,2/19/2008,5/9/2017,NA,NA,NA
LO3,2/27/2007,5/14/2007,25.53923,-81.18429,Shallow,1,265,2nd hole up from bottom,3.05,10.8,1.15,Forest,saltwater,1.17,1.39,0.96,TJS 2002,2.5,754,2.5,762,"1a, 1b, 1c","1a, 1b, 1c",1a,"1x, 1y, 1z",NA,NA,7/14/1999,11/21/2003,2/19/2008,5/9/2017,NA,NA,NA
LO3,2/27/2007,5/14/2007,25.53923,-81.18429,Shallow,1,310,2nd hole up from bottom,3.04,10.8,1.15,Forest,saltwater,1.17,1.39,0.96,TJS 2002,2.5,754,2.5,762,"1a, 1b, 1c","1a, 1b, 1c",1a,"1x, 1y, 1z",NA,NA,7/14/1999,11/21/2003,2/19/2008,5/9/2017,NA,NA,NA
LO3,2/27/2007,5/14/2007,25.53923,-81.18429,Shallow,2,90,2nd hole up from bottom,2.76,10.8,1.15,Forest,saltwater,1.17,1.39,0.96,TJS 2002,2.5,754,2.5,762,"2a, 2b, 2c","2a, 2b, 2c",2a,"2x, 2y, 2z",NA,NA,7/14/1999,11/21/2003,2/19/2008,5/9/2017,NA,NA,NA
LO3,2/27/2007,5/14/2007,25.53923,-81.18429,Shallow,2,140,2nd hole up from bottom,2.75,10.8,1.15,Forest,saltwater,1.17,1.39,0.96,TJS 2002,2.5,754,2.5,762,"2a, 2b, 2c","2a, 2b, 2c",2a,"2x, 2y, 2z",NA,NA,7/14/1999,11/21/2003,2/19/2008,5/9/2017,NA,NA,NA
LO3,2/27/2007,5/14/2007,25.53923,-81.18429,Shallow,2,270,2nd hole up from bottom,2.72,10.8,1.15,Forest,saltwater,1.17,1.39,0.96,TJS 2002,2.5,754,2.5,762,"2a, 2b, 2c","2a, 2b, 2c",2a,"2x, 2y, 2z",NA,NA,7/14/1999,11/21/2003,2/19/2008,5/9/2017,NA,NA,NA
LO3,2/27/2007,5/14/2007,25.53923,-81.18429,Shallow,2,315,2nd hole up from bottom,2.72,10.8,1.15,Forest,saltwater,1.17,1.39,0.96,TJS 2002,2.5,754,2.5,762,"2a, 2b, 2c","2a, 2b, 2c",2a,"2x, 2y, 2z",NA,NA,7/14/1999,11/21/2003,2/19/2008,5/9/2017,NA,NA,NA
LO3,2/27/2007,5/14/2007,25.53923,-81.18429,Shallow,3,35,2nd hole up from bottom,2.93,10.8,1.15,Forest,saltwater,1.17,1.39,0.96,TJS 2002,2.5,754,2.5,762,"3a, 3b, 3c","3a, 3b, 3c",3a,"3x, 3y, 3z",NA,NA,7/14/1999,11/21/2003,2/19/2008,5/9/2017,NA,NA,NA
LO3,2/27/2007,5/14/2007,25.53923,-81.18429,Shallow,3,125,2nd hole up from bottom,2.88,10.8,1.15,Forest,saltwater,1.17,1.39,0.96,TJS 2002,2.5,754,2.5,762,"3a, 3b, 3c","3a, 3b, 3c",3a,"3x, 3y, 3z",NA,NA,7/14/1999,11/21/2003,2/19/2008,5/9/2017,NA,NA,NA
LO3,2/27/2007,5/14/2007,25.53923,-81.18429,Shallow,3,215,2nd hole up from bottom,2.92,10.8,1.15,Forest,saltwater,1.17,1.39,0.96,TJS 2002,2.5,754,2.5,762,"3a, 3b, 3c","3a, 3b, 3c",3a,"3x, 3y, 3z",NA,NA,7/14/1999,11/21/2003,2/19/2008,5/9/2017,NA,NA,NA
LO3,2/27/2007,5/14/2007,25.53923,-81.18429,Shallow,3,305,2nd hole up from bottom,2.92,10.8,1.15,Forest,saltwater,1.17,1.39,0.96,TJS 2002,2.5,754,2.5,762,"3a, 3b, 3c","3a, 3b, 3c",3a,"3x, 3y, 3z",NA,NA,7/14/1999,11/21/2003,2/19/2008,5/9/2017,NA,NA,NA
LO3,2/27/2007,5/14/2007,25.53923,-81.18429,Deep,1,20,1st hole up from bottom,2.76,11.5,NR,Forest,saltwater,1.17,1.39,0.96,St Pete 2005,2.5,762,2.5,762,"1a, 1b, 1c","1a, 1b, 1c",1a,"1x, 1y, 1z",NA,NA,7/14/1999,11/21/2003,2/19/2008,5/9/2017,NA,NA,NA
LO3,2/27/2007,5/14/2007,25.53923,-81.18429,Deep,1,65,1st hole up from bottom,2.8,11.5,NR,Forest,saltwater,1.17,1.39,0.96,St Pete 2005,2.5,762,2.5,762,"1a, 1b, 1c","1a, 1b, 1c",1a,"1x, 1y, 1z",NA,NA,7/14/1999,11/21/2003,2/19/2008,5/9/2017,NA,NA,NA
LO3,2/27/2007,5/14/2007,25.53923,-81.18429,Deep,1,150,1st hole up from bottom,2.76,11.5,NR,Forest,saltwater,1.17,1.39,0.96,St Pete 2005,2.5,762,2.5,762,"1a, 1b, 1c","1a, 1b, 1c",1a,"1x, 1y, 1z",NA,NA,7/14/1999,11/21/2003,2/19/2008,5/9/2017,NA,NA,NA
LO3,2/27/2007,5/14/2007,25.53923,-81.18429,Deep,1,290,1st hole up from bottom,2.78,11.5,NR,Forest,saltwater,1.17,1.39,0.96,St Pete 2005,2.5,762,2.5,762,"1a, 1b, 1c","1a, 1b, 1c",1a,"1x, 1y, 1z",NA,NA,7/14/1999,11/21/2003,2/19/2008,5/9/2017,NA,NA,NA
LO3,2/27/2007,5/14/2007,25.53923,-81.18429,Deep,2,80,1st hole up from bottom,2.62,10.3,NR,Forest,saltwater,1.17,1.39,0.96,St Pete 2005,2.5,762,2.5,762,"2a, 2b, 2c","2a, 2b, 2c",2a,"2x, 2y, 2z",NA,NA,7/14/1999,11/21/2003,2/19/2008,5/9/2017,NA,NA,NA
LO3,2/27/2007,5/14/2007,25.53923,-81.18429,Deep,2,170,1st hole up from bottom,2.62,10.3,NR,Forest,saltwater,1.17,1.39,0.96,St Pete 2005,2.5,762,2.5,762,"2a, 2b, 2c","2a, 2b, 2c",2a,"2x, 2y, 2z",NA,NA,7/14/1999,11/21/2003,2/19/2008,5/9/2017,NA,NA,NA
LO3,2/27/2007,5/14/2007,25.53923,-81.18429,Deep,2,260,1st hole up from bottom,2.61,10.3,NR,Forest,saltwater,1.17,1.39,0.96,St Pete 2005,2.5,762,2.5,762,"2a, 2b, 2c","2a, 2b, 2c",2a,"2x, 2y, 2z",NA,NA,7/14/1999,11/21/2003,2/19/2008,5/9/2017,NA,NA,NA
LO3,2/27/2007,5/14/2007,25.53923,-81.18429,Deep,2,305,1st hole up from bottom,2.62,10.3,NR,Forest,saltwater,1.17,1.39,0.96,St Pete 2005,2.5,762,2.5,762,"2a, 2b, 2c","2a, 2b, 2c",2a,"2x, 2y, 2z",NA,NA,7/14/1999,11/21/2003,2/19/2008,5/9/2017,NA,NA,NA
LO3,2/27/2007,5/14/2007,25.53923,-81.18429,Deep,3,30,1st hole up from bottom,2.53,9.8,NR,Forest,saltwater,1.17,1.39,0.96,St Pete 2005,2.5,762,2.5,762,"3a, 3b, 3c","3a, 3b, 3c",3a,"3x, 3y, 3z",NA,NA,7/14/1999,11/21/2003,2/19/2008,5/9/2017,NA,NA,NA
LO3,2/27/2007,5/14/2007,25.53923,-81.18429,Deep,3,170,1st hole up from bottom,2.52,9.8,NR,Forest,saltwater,1.17,1.39,0.96,St Pete 2005,2.5,762,2.5,762,"3a, 3b, 3c","3a, 3b, 3c",3a,"3x, 3y, 3z",NA,NA,7/14/1999,11/21/2003,2/19/2008,5/9/2017,NA,NA,NA
LO3,2/27/2007,5/14/2007,25.53923,-81.18429,Deep,3,255,1st hole up from bottom,2.54,9.8,NR,Forest,saltwater,1.17,1.39,0.96,St Pete 2005,2.5,762,2.5,762,"3a, 3b, 3c","3a, 3b, 3c",3a,"3x, 3y, 3z",NA,NA,7/14/1999,11/21/2003,2/19/2008,5/9/2017,NA,NA,NA
LO3,2/27/2007,5/14/2007,25.53923,-81.18429,Deep,3,345,1st hole up from bottom,2.54,9.8,NR,Forest,saltwater,1.17,1.39,0.96,St Pete 2005,2.5,762,2.5,762,"3a, 3b, 3c","3a, 3b, 3c",3a,"3x, 3y, 3z",NA,NA,7/14/1999,11/21/2003,2/19/2008,5/9/2017,NA,NA,NA
SH1,1/27/1999,7/12/1998,25.4724,-80.84822,Original,1,20,NA,3.58,4.6,4.6,Ridge or sawgrass and emergent marsh,Freshwater,-0.32,-0.24,-0.49,Cahoon 99-2,5,1521,4,1222,"1a, 1b, 1c",NA,NA,NA,NA,NA,7/12/1999,NA,NA,NA,NA,NA,NA
SH1,1/27/1999,7/12/1998,25.4724,-80.84822,Original,1,65,NA,3.57,4.6,4.6,Ridge or sawgrass and emergent marsh,Freshwater,-0.32,-0.24,-0.49,Cahoon 99-2,5,1521,4,1222,"1a, 1b, 1c",NA,NA,NA,NA,NA,7/12/1999,NA,NA,NA,NA,NA,NA
SH1,1/27/1999,7/12/1998,25.4724,-80.84822,Original,1,200,NA,3.56,4.6,4.6,Ridge or sawgrass and emergent marsh,Freshwater,-0.32,-0.24,-0.49,Cahoon 99-2,5,1521,4,1222,"1a, 1b, 1c",NA,NA,NA,NA,NA,7/12/1999,NA,NA,NA,NA,NA,NA
SH1,1/27/1999,7/12/1998,25.4724,-80.84822,Original,1,245,NA,3.55,4.6,4.6,Ridge or sawgrass and emergent marsh,Freshwater,-0.32,-0.24,-0.49,Cahoon 99-2,5,1521,4,1222,"1a, 1b, 1c",NA,NA,NA,NA,NA,7/12/1999,NA,NA,NA,NA,NA,NA
SH1,3/23/1999,7/12/1998,25.4724,-80.84822,Original,2,15,NA,3.09,4.6,4.6,Ridge or sawgrass and emergent marsh,Freshwater,-0.32,-0.24,-0.49,Cahoon 99-2,5,1521,4,1222,"2a, 2b, 2c",NA,NA,NA,NA,NA,7/12/1999,NA,NA,NA,NA,NA,NA
SH1,3/23/1999,7/12/1998,25.4724,-80.84822,Original,2,60,NA,3.08,4.6,4.6,Ridge or sawgrass and emergent marsh,Freshwater,-0.32,-0.24,-0.49,Cahoon 99-2,5,1521,4,1222,"2a, 2b, 2c",NA,NA,NA,NA,NA,7/12/1999,NA,NA,NA,NA,NA,NA
SH1,3/23/1999,7/12/1998,25.4724,-80.84822,Original,2,150,NA,3.08,4.6,4.6,Ridge or sawgrass and emergent marsh,Freshwater,-0.32,-0.24,-0.49,Cahoon 99-2,5,1521,4,1222,"2a, 2b, 2c",NA,NA,NA,NA,NA,7/12/1999,NA,NA,NA,NA,NA,NA
SH1,3/23/1999,7/12/1998,25.4724,-80.84822,Original,2,205,NA,3.07,4.6,4.6,Ridge or sawgrass and emergent marsh,Freshwater,-0.32,-0.24,-0.49,Cahoon 99-2,5,1521,4,1222,"2a, 2b, 2c",NA,NA,NA,NA,NA,7/12/1999,NA,NA,NA,NA,NA,NA
SH1,3/23/1999,7/12/1998,25.4724,-80.84822,Original,3,35,NA,3.17,4.6,4.6,Ridge or sawgrass and emergent marsh,Freshwater,-0.32,-0.24,-0.49,Cahoon 99-2,5,1521,4,1222,"3a, 3b, 3c",NA,NA,NA,NA,NA,7/12/1999,NA,NA,NA,NA,NA,NA
SH1,3/23/1999,7/12/1998,25.4724,-80.84822,Original,3,80,NA,3.17,4.6,4.6,Ridge or sawgrass and emergent marsh,Freshwater,-0.32,-0.24,-0.49,Cahoon 99-2,5,1521,4,1222,"3a, 3b, 3c",NA,NA,NA,NA,NA,7/12/1999,NA,NA,NA,NA,NA,NA
SH1,3/23/1999,7/12/1998,25.4724,-80.84822,Original,3,260,NA,3.15,4.6,4.6,Ridge or sawgrass and emergent marsh,Freshwater,-0.32,-0.24,-0.49,Cahoon 99-2,5,1521,4,1222,"3a, 3b, 3c",NA,NA,NA,NA,NA,7/12/1999,NA,NA,NA,NA,NA,NA
SH1,3/23/1999,7/12/1998,25.4724,-80.84822,Original,3,350,NA,3.14,4.6,4.6,Ridge or sawgrass and emergent marsh,Freshwater,-0.32,-0.24,-0.49,Cahoon 99-2,5,1521,4,1222,"3a, 3b, 3c",NA,NA,NA,NA,NA,7/12/1999,NA,NA,NA,NA,NA,NA
SH1,12/14/2006,1/18/2007,25.4724,-80.84822,Shallow,1,5,1st hole up from bottom,1.32,4.6,1.15,Ridge or sawgrass and emergent marsh,Freshwater,-0.32,-0.24,-0.49,TJS 2002,2.5,754,2.5,762,"1a, 1b, 1c",NA,NA,NA,NA,NA,7/12/1999,NA,NA,NA,NA,NA,NA
SH1,12/14/2006,1/18/2007,25.4724,-80.84822,Shallow,1,50,1st hole up from bottom,1.32,4.6,1.15,Ridge or sawgrass and emergent marsh,Freshwater,-0.32,-0.24,-0.49,TJS 2002,2.5,754,2.5,762,"1a, 1b, 1c",NA,NA,NA,NA,NA,7/12/1999,NA,NA,NA,NA,NA,NA
SH1,12/14/2006,1/18/2007,25.4724,-80.84822,Shallow,1,230,1st hole up from bottom,1.32,4.6,1.15,Ridge or sawgrass and emergent marsh,Freshwater,-0.32,-0.24,-0.49,TJS 2002,2.5,754,2.5,762,"1a, 1b, 1c",NA,NA,NA,NA,NA,7/12/1999,NA,NA,NA,NA,NA,NA
SH1,12/14/2006,1/18/2007,25.4724,-80.84822,Shallow,1,275,1st hole up from bottom,1.32,4.6,1.15,Ridge or sawgrass and emergent marsh,Freshwater,-0.32,-0.24,-0.49,TJS 2002,2.5,754,2.5,762,"1a, 1b, 1c",NA,NA,NA,NA,NA,7/12/1999,NA,NA,NA,NA,NA,NA
SH1,12/14/2006,1/18/2007,25.4724,-80.84822,Shallow,2,15,1st hole up from bottom,1.43,4.6,1.15,Ridge or sawgrass and emergent marsh,Freshwater,-0.32,-0.24,-0.49,TJS 2002,2.5,754,2.5,762,"2a, 2b, 2c",NA,NA,NA,NA,NA,7/12/1999,NA,NA,NA,NA,NA,NA
SH1,12/14/2006,1/18/2007,25.4724,-80.84822,Shallow,2,60,1st hole up from bottom,1.42,4.6,1.15,Ridge or sawgrass and emergent marsh,Freshwater,-0.32,-0.24,-0.49,TJS 2002,2.5,754,2.5,762,"2a, 2b, 2c",NA,NA,NA,NA,NA,7/12/1999,NA,NA,NA,NA,NA,NA
SH1,12/14/2006,1/18/2007,25.4724,-80.84822,Shallow,2,240,1st hole up from bottom,1.43,4.6,1.15,Ridge or sawgrass and emergent marsh,Freshwater,-0.32,-0.24,-0.49,TJS 2002,2.5,754,2.5,762,"2a, 2b, 2c",NA,NA,NA,NA,NA,7/12/1999,NA,NA,NA,NA,NA,NA
SH1,12/14/2006,1/18/2007,25.4724,-80.84822,Shallow,2,285,1st hole up from bottom,1.43,4.6,1.15,Ridge or sawgrass and emergent marsh,Freshwater,-0.32,-0.24,-0.49,TJS 2002,2.5,754,2.5,762,"2a, 2b, 2c",NA,NA,NA,NA,NA,7/12/1999,NA,NA,NA,NA,NA,NA
SH1,12/14/2006,1/18/2007,25.4724,-80.84822,Shallow,3,20,1st hole up from bottom,1.31,4.6,1.15,Ridge or sawgrass and emergent marsh,Freshwater,-0.32,-0.24,-0.49,TJS 2002,2.5,754,2.5,762,"3a, 3b, 3c",NA,NA,NA,NA,NA,7/12/1999,NA,NA,NA,NA,NA,NA
SH1,12/14/2006,1/18/2007,25.4724,-80.84822,Shallow,3,155,1st hole up from bottom,1.34,4.6,1.15,Ridge or sawgrass and emergent marsh,Freshwater,-0.32,-0.24,-0.49,TJS 2002,2.5,754,2.5,762,"3a, 3b, 3c",NA,NA,NA,NA,NA,7/12/1999,NA,NA,NA,NA,NA,NA
SH1,12/14/2006,1/18/2007,25.4724,-80.84822,Shallow,3,200,1st hole up from bottom,1.33,4.6,1.15,Ridge or sawgrass and emergent marsh,Freshwater,-0.32,-0.24,-0.49,TJS 2002,2.5,754,2.5,762,"3a, 3b, 3c",NA,NA,NA,NA,NA,7/12/1999,NA,NA,NA,NA,NA,NA
SH1,12/14/2006,1/18/2007,25.4724,-80.84822,Shallow,3,245,1st hole up from bottom,1.33,4.6,1.15,Ridge or sawgrass and emergent marsh,Freshwater,-0.32,-0.24,-0.49,TJS 2002,2.5,754,2.5,762,"3a, 3b, 3c",NA,NA,NA,NA,NA,7/12/1999,NA,NA,NA,NA,NA,NA
SH2,7/16/2008,7/28/1998,25.41006,-80.9633,Original,1,30,NA,1.94,6.46,6.46,Marsh,brackish,-0.52,-0.32,-0.69,Foote 96-1,4,1219,4,1223,"1a, 1b, 1c","1d, 1e, 1f","1x, 1y, 1z",NA,NA,NA,7/28/1998,4/10/2007,5/12/2017,NA,NA,NA,NA
SH2,7/16/2008,7/28/1998,25.41006,-80.9633,Original,1,75,NA,1.95,6.46,6.46,Marsh,brackish,-0.52,-0.32,-0.69,Foote 96-1,4,1219,4,1223,"1a, 1b, 1c","1d, 1e, 1f","1x, 1y, 1z",NA,NA,NA,7/28/1998,4/10/2007,5/12/2017,NA,NA,NA,NA
SH2,7/16/2008,7/28/1998,25.41006,-80.9633,Original,1,250,NA,1.97,6.46,6.46,Marsh,brackish,-0.52,-0.32,-0.69,Foote 96-1,4,1219,4,1223,"1a, 1b, 1c","1d, 1e, 1f","1x, 1y, 1z",NA,NA,NA,7/28/1998,4/10/2007,5/12/2017,NA,NA,NA,NA
SH2,7/16/2008,7/28/1998,25.41006,-80.9633,Original,1,320,NA,1.95,6.46,6.46,Marsh,brackish,-0.52,-0.32,-0.69,Foote 96-1,4,1219,4,1223,"1a, 1b, 1c","1d, 1e, 1f","1x, 1y, 1z",NA,NA,NA,7/28/1998,4/10/2007,5/12/2017,NA,NA,NA,NA
SH2,7/16/2008,7/28/1998,25.41006,-80.9633,Original,2,75,NA,2.34,6.62,6.62,Marsh,brackish,-0.52,-0.32,-0.69,Foote 96-1,4,1219,4,1223,"2a, 2b, 2c","2d, 2e, 2f","2x, 2y, 2z",NA,NA,NA,7/28/1998,4/10/2007,5/12/2017,NA,NA,NA,NA
SH2,7/16/2008,7/28/1998,25.41006,-80.9633,Original,2,165,NA,2.36,6.62,6.62,Marsh,brackish,-0.52,-0.32,-0.69,Foote 96-1,4,1219,4,1223,"2a, 2b, 2c","2d, 2e, 2f","2x, 2y, 2z",NA,NA,NA,7/28/1998,4/10/2007,5/12/2017,NA,NA,NA,NA
SH2,7/16/2008,7/28/1998,25.41006,-80.9633,Original,2,205,NA,2.31,6.62,6.62,Marsh,brackish,-0.52,-0.32,-0.69,Foote 96-1,4,1219,4,1223,"2a, 2b, 2c","2d, 2e, 2f","2x, 2y, 2z",NA,NA,NA,7/28/1998,4/10/2007,5/12/2017,NA,NA,NA,NA
SH2,7/16/2008,7/28/1998,25.41006,-80.9633,Original,2,250,NA,2.31,6.62,6.62,Marsh,brackish,-0.52,-0.32,-0.69,Foote 96-1,4,1219,4,1223,"2a, 2b, 2c","2d, 2e, 2f","2x, 2y, 2z",NA,NA,NA,7/28/1998,4/10/2007,5/12/2017,NA,NA,NA,NA
SH2,7/16/2008,7/28/1998,25.41006,-80.9633,Original,3,25,NA,2.46,6.17,6.17,Marsh,brackish,-0.52,-0.32,-0.69,Foote 96-1,4,1219,4,1223,"3a, 3b, 3c","3d, 3e, 3f","3x, 3y, 3z",NA,NA,NA,7/28/1998,4/10/2007,5/12/2017,NA,NA,NA,NA
SH2,7/16/2008,7/28/1998,25.41006,-80.9633,Original,3,70,NA,2.45,6.17,6.17,Marsh,brackish,-0.52,-0.32,-0.69,Foote 96-1,4,1219,4,1223,"3a, 3b, 3c","3d, 3e, 3f","3x, 3y, 3z",NA,NA,NA,7/28/1998,4/10/2007,5/12/2017,NA,NA,NA,NA
SH2,7/16/2008,7/28/1998,25.41006,-80.9633,Original,3,110,NA,2.44,6.17,6.17,Marsh,brackish,-0.52,-0.32,-0.69,Foote 96-1,4,1219,4,1223,"3a, 3b, 3c","3d, 3e, 3f","3x, 3y, 3z",NA,NA,NA,7/28/1998,4/10/2007,5/12/2017,NA,NA,NA,NA
SH2,7/16/2008,7/28/1998,25.41006,-80.9633,Original,3,155,NA,2.45,6.17,6.17,Marsh,brackish,-0.52,-0.32,-0.69,Foote 96-1,4,1219,4,1223,"3a, 3b, 3c","3d, 3e, 3f","3x, 3y, 3z",NA,NA,NA,7/28/1998,4/10/2007,5/12/2017,NA,NA,NA,replaces 25 on 7/21/09
SH2,7/16/2008,7/28/1998,25.41006,-80.9633,Original,3,245,NA,2.45,6.17,6.17,Marsh,brackish,-0.52,-0.32,-0.69,Foote 96-1,4,1219,4,1223,"1a, 1b, 1c","1d, 1e, 1f","1x, 1y, 1z",NA,NA,NA,7/28/1998,4/10/2007,5/12/2017,NA,NA,NA,NA
SH2,9/1/2006,12/12/2006,25.41006,-80.9633,Shallow,1,50,bottom hole,1.19,6.4,1.15,Marsh,brackish,-0.52,-0.32,-0.69,TJS 2002,2.5,754,2.5,762,"1a, 1b, 1c","1d, 1e, 1f","1x, 1y, 1z",NA,NA,NA,7/28/1998,4/10/2007,5/12/2017,NA,NA,NA,NA
SH2,9/1/2006,12/12/2006,25.41006,-80.9633,Shallow,1,140,bottom hole,1.19,6.4,1.15,Marsh,brackish,-0.52,-0.32,-0.69,TJS 2002,2.5,754,2.5,762,"1a, 1b, 1c","1d, 1e, 1f","1x, 1y, 1z",NA,NA,NA,7/28/1998,4/10/2007,5/12/2017,NA,NA,NA,NA
SH2,9/1/2006,12/12/2006,25.41006,-80.9633,Shallow,1,185,bottom hole,1.19,6.4,1.15,Marsh,brackish,-0.52,-0.32,-0.69,TJS 2002,2.5,754,2.5,762,"1a, 1b, 1c","1d, 1e, 1f","1x, 1y, 1z",NA,NA,NA,7/28/1998,4/10/2007,5/12/2017,NA,NA,NA,NA
SH2,9/1/2006,12/12/2006,25.41006,-80.9633,Shallow,1,320,bottom hole,1.19,6.4,1.15,Marsh,brackish,-0.52,-0.32,-0.69,TJS 2002,2.5,754,2.5,762,"1a, 1b, 1c","1d, 1e, 1f","1x, 1y, 1z",NA,NA,NA,7/28/1998,4/10/2007,5/12/2017,NA,NA,NA,NA
SH2,9/1/2006,12/12/2006,25.41006,-80.9633,Shallow,2,130,bottom hole,1.07,6.4,1.15,Marsh,brackish,-0.52,-0.32,-0.69,TJS 2002,2.5,754,2.5,762,"2a, 2b, 2c","2d, 2e, 2f","2x, 2y, 2z",NA,NA,NA,7/28/1998,4/10/2007,5/12/2017,NA,NA,NA,NA
SH2,9/1/2006,12/12/2006,25.41006,-80.9633,Shallow,2,175,bottom hole,1.07,6.4,1.15,Marsh,brackish,-0.52,-0.32,-0.69,TJS 2002,2.5,754,2.5,762,"2a, 2b, 2c","2d, 2e, 2f","2x, 2y, 2z",NA,NA,NA,7/28/1998,4/10/2007,5/12/2017,NA,NA,NA,NA
SH2,9/1/2006,12/12/2006,25.41006,-80.9633,Shallow,2,220,bottom hole,1.07,6.4,1.15,Marsh,brackish,-0.52,-0.32,-0.69,TJS 2002,2.5,754,2.5,762,"2a, 2b, 2c","2d, 2e, 2f","2x, 2y, 2z",NA,NA,NA,7/28/1998,4/10/2007,5/12/2017,NA,NA,NA,NA
SH2,9/1/2006,12/12/2006,25.41006,-80.9633,Shallow,2,310,bottom hole,1.08,6.4,1.15,Marsh,brackish,-0.52,-0.32,-0.69,TJS 2002,2.5,754,2.5,762,"2a, 2b, 2c","2d, 2e, 2f","2x, 2y, 2z",NA,NA,NA,7/28/1998,4/10/2007,5/12/2017,NA,NA,NA,NA
SH2,9/1/2006,12/12/2006,25.41006,-80.9633,Shallow,3,80,bottom hole,1.09,6.4,1.15,Marsh,brackish,-0.52,-0.32,-0.69,TJS 2002,2.5,754,2.5,762,"3a, 3b, 3c","3d, 3e, 3f","3x, 3y, 3z",NA,NA,NA,7/28/1998,4/10/2007,5/12/2017,NA,NA,NA,NA
SH2,9/1/2006,12/12/2006,25.41006,-80.9633,Shallow,3,175,bottom hole,1.08,6.4,1.15,Marsh,brackish,-0.52,-0.32,-0.69,TJS 2002,2.5,754,2.5,762,"3a, 3b, 3c","3d, 3e, 3f","3x, 3y, 3z",NA,NA,NA,7/28/1998,4/10/2007,5/12/2017,NA,NA,NA,NA
SH2,9/1/2006,12/12/2006,25.41006,-80.9633,Shallow,3,215,bottom hole,1.08,6.4,1.15,Marsh,brackish,-0.52,-0.32,-0.69,TJS 2002,2.5,754,2.5,762,"3a, 3b, 3c","3d, 3e, 3f","3x, 3y, 3z",NA,NA,NA,7/28/1998,4/10/2007,5/12/2017,NA,NA,NA,NA
SH2,9/1/2006,12/12/2006,25.41006,-80.9633,Shallow,3,305,bottom hole,1.09,6.4,1.15,Marsh,brackish,-0.52,-0.32,-0.69,TJS 2002,2.5,754,2.5,762,"3a, 3b, 3c","3d, 3e, 3f","3x, 3y, 3z",NA,NA,NA,7/28/1998,4/10/2007,5/12/2017,NA,NA,NA,NA
SH3,7/16/1998,7/28/1998,25.36409,-81.07848,Original,1,115,NA,2.78,13.25,13.25,Forest,saltwater,0.27,0.36,0.13,Foote 96-1,4,1219,4,1223,"1a, 1b, 1c","1d, 1e, 1f, 1g","1h, 1i, 1j","1k, 1l, 1m","1n, 1o, 1p","1x, 1y, 1z",7/28/1998,3/18/2002,2/11/2005,11/13/2006,2/2/2009,5/9/2017,NA
SH3,7/16/1998,7/28/1998,25.36409,-81.07848,Original,1,160,NA,2.79,13.25,13.25,Forest,saltwater,0.27,0.36,0.13,Foote 96-1,4,1219,4,1223,"1a, 1b, 1c","1d, 1e, 1f, 1g","1h, 1i, 1j","1k, 1l, 1m","1n, 1o, 1p","1x, 1y, 1z",7/28/1998,3/18/2002,2/11/2005,11/13/2006,2/2/2009,5/9/2017,NA
SH3,7/16/1998,7/28/1998,25.36409,-81.07848,Original,1,250,NA,2.79,13.25,13.25,Forest,saltwater,0.27,0.36,0.13,Foote 96-1,4,1219,4,1223,"1a, 1b, 1c","1d, 1e, 1f, 1g","1h, 1i, 1j","1k, 1l, 1m","1n, 1o, 1p","1x, 1y, 1z",7/28/1998,3/18/2002,2/11/2005,11/13/2006,2/2/2009,5/9/2017,NA
SH3,7/16/1998,7/28/1998,25.36409,-81.07848,Original,1,340,NA,2.79,13.25,13.25,Forest,saltwater,0.27,0.36,0.13,Foote 96-1,4,1219,4,1223,"1a, 1b, 1c","1d, 1e, 1f, 1g","1h, 1i, 1j","1k, 1l, 1m","1n, 1o, 1p","1x, 1y, 1z",7/28/1998,3/18/2002,2/11/2005,11/13/2006,2/2/2009,5/9/2017,NA
SH3,7/16/1998,7/28/1998,25.36409,-81.07848,Original,2,20,NA,3.1,13.42,13.42,Forest,saltwater,0.27,0.36,0.13,Foote 96-1,4,1219,4,1223,"2a, 2b, 2c","2d, 2e, 2f, 2g","2h, 2i, 2j","2k, 2l, 2m","2n, 2o, 2p","2x, 2y, 2z",7/28/1998,3/18/2002,2/11/2005,11/13/2006,2/2/2009,5/9/2017,NA
SH3,7/16/1998,7/28/1998,25.36409,-81.07848,Original,2,65,NA,3.09,13.42,13.42,Forest,saltwater,0.27,0.36,0.13,Foote 96-1,4,1219,4,1223,"2a, 2b, 2c","2d, 2e, 2f, 2g","2h, 2i, 2j","2k, 2l, 2m","2n, 2o, 2p","2x, 2y, 2z",7/28/1998,3/18/2002,2/11/2005,11/13/2006,2/2/2009,5/9/2017,NA
SH3,7/16/1998,7/28/1998,25.36409,-81.07848,Original,2,155,NA,3.08,13.42,13.42,Forest,saltwater,0.27,0.36,0.13,Foote 96-1,4,1219,4,1223,"2a, 2b, 2c","2d, 2e, 2f, 2g","2h, 2i, 2j","2k, 2l, 2m","2n, 2o, 2p","2x, 2y, 2z",7/28/1998,3/18/2002,2/11/2005,11/13/2006,2/2/2009,5/9/2017,NA
SH3,7/16/1998,7/28/1998,25.36409,-81.07848,Original,2,240,NA,3.1,13.42,13.42,Forest,saltwater,0.27,0.36,0.13,Foote 96-1,4,1219,4,1223,"2a, 2b, 2c","2d, 2e, 2f, 2g","2h, 2i, 2j","2k, 2l, 2m","2n, 2o, 2p","2x, 2y, 2z",7/28/1998,3/18/2002,2/11/2005,11/13/2006,2/2/2009,5/9/2017,NA
SH3,7/16/1998,7/28/1998,25.36409,-81.07848,Original,3,220,NA,2.58,14.17,14.17,Forest,saltwater,0.27,0.36,0.13,Foote 96-1,4,1219,4,1223,"3a, 3b, 3c","3d, 3e, 3f, 3g","3h, 3i, 3j","3k, 3l, 3m","3n, 3o, 3p","3x, 3y, 3z",7/28/1998,3/18/2002,2/11/2005,11/13/2006,2/2/2009,5/9/2017,NA
SH3,7/16/1998,7/28/1998,25.36409,-81.07848,Original,3,265,NA,2.59,14.17,14.17,Forest,saltwater,0.27,0.36,0.13,Foote 96-1,4,1219,4,1223,"3a, 3b, 3c","3d, 3e, 3f, 3g","3h, 3i, 3j","3k, 3l, 3m","3n, 3o, 3p","3x, 3y, 3z",7/28/1998,3/18/2002,2/11/2005,11/13/2006,2/2/2009,5/9/2017,NA
SH3,7/16/1998,7/28/1998,25.36409,-81.07848,Original,3,305,NA,2.57,14.17,14.17,Forest,saltwater,0.27,0.36,0.13,Foote 96-1,4,1219,4,1223,"3a, 3b, 3c","3d, 3e, 3f, 3g","3h, 3i, 3j","3k, 3l, 3m","3n, 3o, 3p","3x, 3y, 3z",7/28/1998,3/18/2002,2/11/2005,11/13/2006,2/2/2009,5/9/2017,NA
SH3,7/16/1998,7/28/1998,25.36409,-81.07848,Original,3,350,NA,2.58,14.17,14.17,Forest,saltwater,0.27,0.36,0.13,Foote 96-1,4,1219,4,1223,"3a, 3b, 3c","3d, 3e, 3f, 3g","3h, 3i, 3j","3k, 3l, 3m","3n, 3o, 3p","3x, 3y, 3z",7/28/1998,3/18/2002,2/11/2005,11/13/2006,2/2/2009,5/9/2017,NA
SH3,2/28/2002,3/18/2002,25.36409,-81.07848,Shallow,1,135,NA,2.06,13.7,1.15,Forest,saltwater,0.27,0.36,0.13,TJS 2002,2.5,754,2.5,762,"1a, 1b, 1c","1d, 1e, 1f, 1g","1h, 1i, 1j","1k, 1l, 1m","1n, 1o, 1p","1x, 1y, 1z",7/28/1998,3/18/2002,2/11/2005,11/13/2006,2/2/2009,5/9/2017,NA
SH3,2/28/2002,3/18/2002,25.36409,-81.07848,Shallow,1,180,NA,2.06,13.7,1.15,Forest,saltwater,0.27,0.36,0.13,TJS 2002,2.5,754,2.5,762,"1a, 1b, 1c","1d, 1e, 1f, 1g","1h, 1i, 1j","1k, 1l, 1m","1n, 1o, 1p","1x, 1y, 1z",7/28/1998,3/18/2002,2/11/2005,11/13/2006,2/2/2009,5/9/2017,NA
SH3,2/28/2002,3/18/2002,25.36409,-81.07848,Shallow,1,225,NA,2.06,13.7,1.15,Forest,saltwater,0.27,0.36,0.13,TJS 2002,2.5,754,2.5,762,"1a, 1b, 1c","1d, 1e, 1f, 1g","1h, 1i, 1j","1k, 1l, 1m","1n, 1o, 1p","1x, 1y, 1z",7/28/1998,3/18/2002,2/11/2005,11/13/2006,2/2/2009,5/9/2017,NA
SH3,2/28/2002,3/18/2002,25.36409,-81.07848,Shallow,1,315,NA,2.05,13.7,1.15,Forest,saltwater,0.27,0.36,0.13,TJS 2002,2.5,754,2.5,762,"1a, 1b, 1c","1d, 1e, 1f, 1g","1h, 1i, 1j","1k, 1l, 1m","1n, 1o, 1p","1x, 1y, 1z",7/28/1998,3/18/2002,2/11/2005,11/13/2006,2/2/2009,5/9/2017,NA
SH3,2/28/2002,3/18/2002,25.36409,-81.07848,Shallow,2,10,NA,2.02,13.7,1.15,Forest,saltwater,0.27,0.36,0.13,TJS 2002,2.5,754,2.5,762,"2a, 2b, 2c","2d, 2e, 2f, 2g","2h, 2i, 2j","2k, 2l, 2m","2n, 2o, 2p","2x, 2y, 2z",7/28/1998,3/18/2002,2/11/2005,11/13/2006,2/2/2009,5/9/2017,NA
SH3,2/28/2002,3/18/2002,25.36409,-81.07848,Shallow,2,235,NA,2.02,13.7,1.15,Forest,saltwater,0.27,0.36,0.13,TJS 2002,2.5,754,2.5,762,"2a, 2b, 2c","2d, 2e, 2f, 2g","2h, 2i, 2j","2k, 2l, 2m","2n, 2o, 2p","2x, 2y, 2z",7/28/1998,3/18/2002,2/11/2005,11/13/2006,2/2/2009,5/9/2017,NA
SH3,2/28/2002,3/18/2002,25.36409,-81.07848,Shallow,2,280,NA,2.02,13.7,1.15,Forest,saltwater,0.27,0.36,0.13,TJS 2002,2.5,754,2.5,762,"2a, 2b, 2c","2d, 2e, 2f, 2g","2h, 2i, 2j","2k, 2l, 2m","2n, 2o, 2p","2x, 2y, 2z",7/28/1998,3/18/2002,2/11/2005,11/13/2006,2/2/2009,5/9/2017,NA
SH3,2/28/2002,3/18/2002,25.36409,-81.07848,Shallow,2,325,NA,2.02,13.7,1.15,Forest,saltwater,0.27,0.36,0.13,TJS 2002,2.5,754,2.5,762,"2a, 2b, 2c","2d, 2e, 2f, 2g","2h, 2i, 2j","2k, 2l, 2m","2n, 2o, 2p","2x, 2y, 2z",7/28/1998,3/18/2002,2/11/2005,11/13/2006,2/2/2009,5/9/2017,NA
SH3,2/28/2002,3/18/2002,25.36409,-81.07848,Shallow,3,85,NA,2.01,13.7,1.15,Forest,saltwater,0.27,0.36,0.13,TJS 2002,2.5,754,2.5,762,"3a, 3b, 3c","3d, 3e, 3f, 3g","3h, 3i, 3j","3k, 3l, 3m","3n, 3o, 3p","3x, 3y, 3z",7/28/1998,3/18/2002,2/11/2005,11/13/2006,2/2/2009,5/9/2017,Disturbed 9/8/14
SH3,2/28/2002,3/18/2002,25.36409,-81.07848,Shallow,3,130,NA,2.01,13.7,1.15,Forest,saltwater,0.27,0.36,0.13,TJS 2002,2.5,754,2.5,762,"3a, 3b, 3c","3d, 3e, 3f, 3g","3h, 3i, 3j","3k, 3l, 3m","3n, 3o, 3p","3x, 3y, 3z",7/28/1998,3/18/2002,2/11/2005,11/13/2006,2/2/2009,5/9/2017,Disturbed 9/8/14
SH3,2/28/2002,3/18/2002,25.36409,-81.07848,Shallow,3,220,NA,2.01,13.7,1.15,Forest,saltwater,0.27,0.36,0.13,TJS 2002,2.5,754,2.5,762,"3a, 3b, 3c","3d, 3e, 3f, 3g","3h, 3i, 3j","3k, 3l, 3m","3n, 3o, 3p","3x, 3y, 3z",7/28/1998,3/18/2002,2/11/2005,11/13/2006,2/2/2009,5/9/2017,Disturbed 9/8/14
SH3,2/28/2002,3/18/2002,25.36409,-81.07848,Shallow,3,355,NA,2.01,13.7,1.15,Forest,saltwater,0.27,0.36,0.13,TJS 2002,2.5,754,2.5,762,"3a, 3b, 3c","3d, 3e, 3f, 3g","3h, 3i, 3j","3k, 3l, 3m","3n, 3o, 3p","3x, 3y, 3z",7/28/1998,3/18/2002,2/11/2005,11/13/2006,2/2/2009,5/9/2017,Disturbed 9/8/14
SH3,9/21/2015,9/21/2015,25.36409,-81.07848,Shallow,3,40,NA,1.6,13.7,1.15,Forest,saltwater,NR,NR,NR,TJS 2002,2.5,754,2.5,762,"3a, 3b, 3c","3d, 3e, 3f, 3g","3h, 3i, 3j","3k, 3l, 3m","3n, 3o, 3p","3x, 3y, 3z",7/28/1998,3/18/2002,2/11/2005,11/13/2006,2/2/2009,5/9/2017,Replaced original SH3 shallow as of 9/21/15
SH3,9/21/2015,9/21/2015,25.36409,-81.07848,Shallow,3,130,NA,1.6,13.7,1.15,Forest,saltwater,NR,NR,NR,TJS 2002,2.5,754,2.5,762,"3a, 3b, 3c","3d, 3e, 3f, 3g","3h, 3i, 3j","3k, 3l, 3m","3n, 3o, 3p","3x, 3y, 3z",7/28/1998,3/18/2002,2/11/2005,11/13/2006,2/2/2009,5/9/2017,Replaced original SH3 shallow as of 9/21/15
SH3,9/21/2015,9/21/2015,25.36409,-81.07848,Shallow,3,220,NA,1.6,13.7,1.15,Forest,saltwater,NR,NR,NR,TJS 2002,2.5,754,2.5,762,"3a, 3b, 3c","3d, 3e, 3f, 3g","3h, 3i, 3j","3k, 3l, 3m","3n, 3o, 3p","3x, 3y, 3z",7/28/1998,3/18/2002,2/11/2005,11/13/2006,2/2/2009,5/9/2017,Replaced original SH3 shallow as of 9/21/15
SH3,9/21/2015,9/21/2015,25.36409,-81.07848,Shallow,3,320,NA,1.6,13.7,1.15,Forest,saltwater,NR,NR,NR,TJS 2002,2.5,754,2.5,762,"3a, 3b, 3c","3d, 3e, 3f, 3g","3h, 3i, 3j","3k, 3l, 3m","3n, 3o, 3p","3x, 3y, 3z",7/28/1998,3/18/2002,2/11/2005,11/13/2006,2/2/2009,5/9/2017,Replaced original SH3 shallow as of 9/21/15
SH3,2/28/2002,3/18/2002,25.36409,-81.07848,Deep,1,55,NA,2.08,13.1,17.95,Forest,saltwater,0.27,0.36,0.13,TJS 2002,2.5,754,2.5,762,"1a, 1b, 1c","1d, 1e, 1f, 1g","1h, 1i, 1j","1k, 1l, 1m","1n, 1o, 1p","1x, 1y, 1z",7/28/1998,3/18/2002,2/11/2005,11/13/2006,2/2/2009,5/9/2017,NA
SH3,2/28/2002,3/18/2002,25.36409,-81.07848,Deep,1,100,NA,2.09,13.1,17.95,Forest,saltwater,0.27,0.36,0.13,TJS 2002,2.5,754,2.5,762,"1a, 1b, 1c","1d, 1e, 1f, 1g","1h, 1i, 1j","1k, 1l, 1m","1n, 1o, 1p","1x, 1y, 1z",7/28/1998,3/18/2002,2/11/2005,11/13/2006,2/2/2009,5/9/2017,NA
SH3,2/28/2002,3/18/2002,25.36409,-81.07848,Deep,1,190,NA,2.09,13.1,17.95,Forest,saltwater,0.27,0.36,0.13,TJS 2002,2.5,754,2.5,762,"1a, 1b, 1c","1d, 1e, 1f, 1g","1h, 1i, 1j","1k, 1l, 1m","1n, 1o, 1p","1x, 1y, 1z",7/28/1998,3/18/2002,2/11/2005,11/13/2006,2/2/2009,5/9/2017,NA
SH3,2/28/2002,3/18/2002,25.36409,-81.07848,Deep,1,280,NA,2.09,13.1,17.95,Forest,saltwater,0.27,0.36,0.13,TJS 2002,2.5,754,2.5,762,"1a, 1b, 1c","1d, 1e, 1f, 1g","1h, 1i, 1j","1k, 1l, 1m","1n, 1o, 1p","1x, 1y, 1z",7/28/1998,3/18/2002,2/11/2005,11/13/2006,2/2/2009,5/9/2017,NA
SH3,2/28/2002,3/18/2002,25.36409,-81.07848,Deep,2,50,NA,2,13.1,17.95,Forest,saltwater,0.27,0.36,0.13,TJS 2002,2.5,754,2.5,762,"2a, 2b, 2c","2d, 2e, 2f, 2g","2h, 2i, 2j","2k, 2l, 2m","2n, 2o, 2p","2x, 2y, 2z",7/28/1998,3/18/2002,2/11/2005,11/13/2006,2/2/2009,5/9/2017,NA
SH3,2/28/2002,3/18/2002,25.36409,-81.07848,Deep,2,140,NA,2,13.1,17.95,Forest,saltwater,0.27,0.36,0.13,TJS 2002,2.5,754,2.5,762,"2a, 2b, 2c","2d, 2e, 2f, 2g","2h, 2i, 2j","2k, 2l, 2m","2n, 2o, 2p","2x, 2y, 2z",7/28/1998,3/18/2002,2/11/2005,11/13/2006,2/2/2009,5/9/2017,NA
SH3,2/28/2002,3/18/2002,25.36409,-81.07848,Deep,2,275,NA,2.01,13.1,17.95,Forest,saltwater,0.27,0.36,0.13,TJS 2002,2.5,754,2.5,762,"2a, 2b, 2c","2d, 2e, 2f, 2g","2h, 2i, 2j","2k, 2l, 2m","2n, 2o, 2p","2x, 2y, 2z",7/28/1998,3/18/2002,2/11/2005,11/13/2006,2/2/2009,5/9/2017,NA
SH3,2/28/2002,3/18/2002,25.36409,-81.07848,Deep,2,320,NA,2,13.1,17.95,Forest,saltwater,0.27,0.36,0.13,TJS 2002,2.5,754,2.5,762,"2a, 2b, 2c","2d, 2e, 2f, 2g","2h, 2i, 2j","2k, 2l, 2m","2n, 2o, 2p","2x, 2y, 2z",7/28/1998,3/18/2002,2/11/2005,11/13/2006,2/2/2009,5/9/2017,NA
SH3,2/28/2002,3/18/2002,25.36409,-81.07848,Deep,3,20,NA,1.88,13.1,17.95,Forest,saltwater,0.27,0.36,0.13,TJS 2002,2.5,754,2.5,762,"3a, 3b, 3c","3d, 3e, 3f, 3g","3h, 3i, 3j","3k, 3l, 3m","3n, 3o, 3p","3x, 3y, 3z",7/28/1998,3/18/2002,2/11/2005,11/13/2006,2/2/2009,5/9/2017,NA
SH3,2/28/2002,3/18/2002,25.36409,-81.07848,Deep,3,110,NA,1.88,13.1,17.95,Forest,saltwater,0.27,0.36,0.13,TJS 2002,2.5,754,2.5,762,"3a, 3b, 3c","3d, 3e, 3f, 3g","3h, 3i, 3j","3k, 3l, 3m","3n, 3o, 3p","3x, 3y, 3z",7/28/1998,3/18/2002,2/11/2005,11/13/2006,2/2/2009,5/9/2017,NA
SH3,2/28/2002,3/18/2002,25.36409,-81.07848,Deep,3,160,NA,1.88,13.1,17.95,Forest,saltwater,0.27,0.36,0.13,TJS 2002,2.5,754,2.5,762,"3a, 3b, 3c","3d, 3e, 3f, 3g","3h, 3i, 3j","3k, 3l, 3m","3n, 3o, 3p","3x, 3y, 3z",7/28/1998,3/18/2002,2/11/2005,11/13/2006,2/2/2009,5/9/2017,NA
SH3,2/28/2002,3/18/2002,25.36409,-81.07848,Deep,3,250,NA,1.88,13.1,17.95,Forest,saltwater,0.27,0.36,0.13,TJS 2002,2.5,754,2.5,762,"3a, 3b, 3c","3d, 3e, 3f, 3g","3h, 3i, 3j","3k, 3l, 3m","3n, 3o, 3p","3x, 3y, 3z",7/28/1998,3/18/2002,2/11/2005,11/13/2006,2/2/2009,5/9/2017,NA
SH4,9/1/2006,12/13/2006,25.42349,-81.06045,Shallow,1,0,2nd hole up from bottom,2.46,8.7,1.15,Marsh,saltwater,0.43,0.48,0.38,TJS 2002,2.5,754,2.5,762,"a, b, c, d","1x, 1y, 1z",NA,NA,NA,NA,11/14/2006,5/11/2017,NA,NA,NA,NA,NA
SH4,9/1/2006,12/13/2006,25.42349,-81.06045,Shallow,1,90,2nd hole up from bottom,2.45,8.7,1.15,Marsh,saltwater,0.43,0.48,0.38,TJS 2002,2.5,754,2.5,762,"a, b, c, d","1x, 1y, 1z",NA,NA,NA,NA,11/14/2006,5/11/2017,NA,NA,NA,NA,NA
SH4,9/1/2006,12/13/2006,25.42349,-81.06045,Shallow,1,135,2nd hole up from bottom,2.45,8.7,1.15,Marsh,saltwater,0.43,0.48,0.38,TJS 2002,2.5,754,2.5,762,"a, b, c, d","1x, 1y, 1z",NA,NA,NA,NA,11/14/2006,5/11/2017,NA,NA,NA,NA,NA
SH4,9/1/2006,12/13/2006,25.42349,-81.06045,Shallow,1,225,2nd hole up from bottom,2.45,8.7,1.15,Marsh,saltwater,0.43,0.48,0.38,TJS 2002,2.5,754,2.5,762,"a, b, c, d","1x, 1y, 1z",NA,NA,NA,NA,11/14/2006,5/11/2017,NA,NA,NA,NA,NA
SH4,9/1/2006,12/13/2006,25.42349,-81.06045,Shallow,2,75,2nd hole up from bottom,2.31,8.7,1.15,Marsh,saltwater,0.43,0.48,0.38,TJS 2002,2.5,754,2.5,762,"a, b, c, d","2x, 2y, 2z",NA,NA,NA,NA,11/14/2006,12/11/2018,NA,NA,NA,NA,NA
SH4,9/1/2006,12/13/2006,25.42349,-81.06045,Shallow,2,115,2nd hole up from bottom,2.32,8.7,1.15,Marsh,saltwater,0.43,0.48,0.38,TJS 2002,2.5,754,2.5,762,"a, b, c, d","2x, 2y, 2z",NA,NA,NA,NA,11/14/2006,12/11/2018,NA,NA,NA,NA,NA
SH4,9/1/2006,12/13/2006,25.42349,-81.06045,Shallow,2,255,2nd hole up from bottom,2.31,8.7,1.15,Marsh,saltwater,0.43,0.48,0.38,TJS 2002,2.5,754,2.5,762,"a, b, c, d","2x, 2y, 2z",NA,NA,NA,NA,11/14/2006,12/11/2018,NA,NA,NA,NA,NA
SH4,9/1/2006,12/13/2006,25.42349,-81.06045,Shallow,2,345,2nd hole up from bottom,2.31,8.7,1.15,Marsh,saltwater,0.43,0.48,0.38,TJS 2002,2.5,754,2.5,762,"a, b, c, d","2x, 2y, 2z",NA,NA,NA,NA,11/14/2006,12/11/2018,NA,NA,NA,NA,NA
SH4,9/1/2006,12/13/2006,25.42349,-81.06045,Shallow,3,35,2nd hole up from bottom,2.35,8.7,1.15,Marsh,saltwater,0.43,0.48,0.38,TJS 2002,2.5,754,2.5,762,"a, b, c, d","3x, 3y, 3z",NA,NA,NA,NA,11/14/2006,12/11/2018,NA,NA,NA,NA,NA
SH4,9/1/2006,12/13/2006,25.42349,-81.06045,Shallow,3,125,2nd hole up from bottom,2.31,8.7,1.15,Marsh,saltwater,0.43,0.48,0.38,TJS 2002,2.5,754,2.5,762,"a, b, c, d","3x, 3y, 3z",NA,NA,NA,NA,11/14/2006,12/11/2018,NA,NA,NA,NA,NA
SH4,9/1/2006,12/13/2006,25.42349,-81.06045,Shallow,3,170,2nd hole up from bottom,NR,8.7,1.15,Marsh,saltwater,0.43,0.48,0.38,TJS 2002,2.5,754,2.5,762,"a, b, c, d","3x, 3y, 3z",NA,NA,NA,NA,11/14/2006,12/11/2018,NA,NA,NA,NA,NA
SH4,9/1/2006,12/13/2006,25.42349,-81.06045,Shallow,3,260,2nd hole up from bottom,2.35,8.7,1.15,Marsh,saltwater,0.43,0.48,0.38,TJS 2002,2.5,754,2.5,762,"a, b, c, d","3x, 3y, 3z",NA,NA,NA,NA,11/14/2006,12/11/2018,NA,NA,NA,NA,NA
SH4,9/1/2006,12/19/2006,25.42349,-81.06045,Deep,1,115,2nd hole up from bottom,2.22,8.7,NR,Marsh,saltwater,0.43,0.48,0.38,St Pete 2005,2.5,762,2.5,762,"a, b, c, d","1x, 1y, 1z",NA,NA,NA,NA,11/14/2006,5/11/2017,NA,NA,NA,NA,NA
SH4,9/1/2006,12/19/2006,25.42349,-81.06045,Deep,1,250,2nd hole up from bottom,2.22,8.7,NR,Marsh,saltwater,0.43,0.48,0.38,St Pete 2005,2.5,762,2.5,762,"a, b, c, d","1x, 1y, 1z",NA,NA,NA,NA,11/14/2006,5/11/2017,NA,NA,NA,NA,NA
SH4,9/1/2006,12/19/2006,25.42349,-81.06045,Deep,1,295,2nd hole up from bottom,2.21,8.7,NR,Marsh,saltwater,0.43,0.48,0.38,St Pete 2005,2.5,762,2.5,762,"a, b, c, d","1x, 1y, 1z",NA,NA,NA,NA,11/14/2006,5/11/2017,NA,NA,NA,NA,NA
SH4,9/1/2006,12/19/2006,25.42349,-81.06045,Deep,1,340,2nd hole up from bottom,2.2,8.7,NR,Marsh,saltwater,0.43,0.48,0.38,St Pete 2005,2.5,762,2.5,762,"a, b, c, d","1x, 1y, 1z",NA,NA,NA,NA,11/14/2006,5/11/2017,NA,NA,NA,NA,NA
SH4,9/1/2006,12/19/2006,25.42349,-81.06045,Deep,2,5,3rd hole up from bottom,2.71,8.7,NR,Marsh,saltwater,0.43,0.48,0.38,St Pete 2005,2.5,762,2.5,762,"a, b, c, d","2x, 2y, 2z",NA,NA,NA,NA,11/14/2006,12/11/2018,NA,NA,NA,NA,NA
SH4,9/1/2006,12/19/2006,25.42349,-81.06045,Deep,2,50,3rd hole up from bottom,2.69,8.7,NR,Marsh,saltwater,0.43,0.48,0.38,St Pete 2005,2.5,762,2.5,762,"a, b, c, d","2x, 2y, 2z",NA,NA,NA,NA,11/14/2006,12/11/2018,NA,NA,NA,NA,NA
SH4,9/1/2006,12/19/2006,25.42349,-81.06045,Deep,2,230,3rd hole up from bottom,2.76,8.7,NR,Marsh,saltwater,0.43,0.48,0.38,St Pete 2005,2.5,762,2.5,762,"a, b, c, d","2x, 2y, 2z",NA,NA,NA,NA,11/14/2006,12/11/2018,NA,NA,NA,NA,NA
SH4,9/1/2006,12/19/2006,25.42349,-81.06045,Deep,2,275,3rd hole up from bottom,2.75,8.7,NR,Marsh,saltwater,0.43,0.48,0.38,St Pete 2005,2.5,762,2.5,762,"a, b, c, d","2x, 2y, 2z",NA,NA,NA,NA,11/14/2006,12/11/2018,NA,NA,NA,NA,NA
SH4,9/1/2006,12/19/2006,25.42349,-81.06045,Deep,3,0,2nd hole up from bottom,2.19,8.7,NR,Marsh,saltwater,0.43,0.48,0.38,St Pete 2005,2.5,762,2.5,762,"a, b, c, d","3x, 3y, 3z",NA,NA,NA,NA,11/14/2006,12/11/2018,NA,NA,NA,NA,NA
SH4,9/1/2006,12/19/2006,25.42349,-81.06045,Deep,3,45,2nd hole up from bottom,NR,8.7,NR,Marsh,saltwater,0.43,0.48,0.38,St Pete 2005,2.5,762,2.5,762,"a, b, c, d","3x, 3y, 3z",NA,NA,NA,NA,11/14/2006,12/11/2018,NA,NA,NA,NA,NA
SH4,9/1/2006,12/19/2006,25.42349,-81.06045,Deep,3,90,2nd hole up from bottom,2.2,8.7,NR,Marsh,saltwater,0.43,0.48,0.38,St Pete 2005,2.5,762,2.5,762,"a, b, c, d","3x, 3y, 3z",NA,NA,NA,NA,11/14/2006,12/11/2018,NA,NA,NA,NA,NA
SH4,9/1/2006,12/19/2006,25.42349,-81.06045,Deep,3,315,2nd hole up from bottom,2.11,8.7,NR,Marsh,saltwater,0.43,0.48,0.38,St Pete 2005,2.5,762,2.5,762,"a, b, c, d","3x, 3y, 3z",NA,NA,NA,NA,11/14/2006,12/11/2018,NA,NA,NA,NA,NA
SH5,9/1/2006,12/13/2006,25.42132,-81.05969,Shallow,1,75,2nd hole up from bottom,1.77,9.1,1.15,Marsh,saltwater,0.16,0.31,0.1,TJS 2002,2.5,754,2.5,762,"a, b, c, d","1x, 1y, 1z",NA,NA,NA,NA,11/14/2006,5/11/2017,NA,NA,NA,NA,NA
SH5,9/1/2006,12/13/2006,25.42132,-81.05969,Shallow,1,120,2nd hole up from bottom,1.78,9.1,1.15,Marsh,saltwater,0.16,0.31,0.1,TJS 2002,2.5,754,2.5,762,"a, b, c, d","1x, 1y, 1z",NA,NA,NA,NA,11/14/2006,5/11/2017,NA,NA,NA,NA,NA
SH5,9/1/2006,12/13/2006,25.42132,-81.05969,Shallow,1,255,2nd hole up from bottom,1.77,9.1,1.15,Marsh,saltwater,0.16,0.31,0.1,TJS 2002,2.5,754,2.5,762,"a, b, c, d","1x, 1y, 1z",NA,NA,NA,NA,11/14/2006,5/11/2017,NA,NA,NA,NA,NA
SH5,9/1/2006,12/13/2006,25.42132,-81.05969,Shallow,1,300,2nd hole up from bottom,1.77,9.1,1.15,Marsh,saltwater,0.16,0.31,0.1,TJS 2002,2.5,754,2.5,762,"a, b, c, d","1x, 1y, 1z",NA,NA,NA,NA,11/14/2006,5/11/2017,NA,NA,NA,NA,NA
SH5,9/1/2006,12/13/2006,25.42132,-81.05969,Shallow,2,50,2nd hole up from bottom,1.73,9.1,1.15,Marsh,saltwater,0.16,0.31,0.1,TJS 2002,2.5,754,2.5,762,"a, b, c, d","2x, 2y, 2z",NA,NA,NA,NA,11/14/2006,12/11/2018,NA,NA,NA,NA,NA
SH5,9/1/2006,12/13/2006,25.42132,-81.05969,Shallow,2,140,2nd hole up from bottom,1.73,9.1,1.15,Marsh,saltwater,0.16,0.31,0.1,TJS 2002,2.5,754,2.5,762,"a, b, c, d","2x, 2y, 2z",NA,NA,NA,NA,11/14/2006,12/11/2018,NA,NA,NA,NA,NA
SH5,9/1/2006,12/13/2006,25.42132,-81.05969,Shallow,2,230,2nd hole up from bottom,1.74,9.1,1.15,Marsh,saltwater,0.16,0.31,0.1,TJS 2002,2.5,754,2.5,762,"a, b, c, d","2x, 2y, 2z",NA,NA,NA,NA,11/14/2006,12/11/2018,NA,NA,NA,NA,NA
SH5,9/1/2006,12/13/2006,25.42132,-81.05969,Shallow,2,320,2nd hole up from bottom,1.73,9.1,1.15,Marsh,saltwater,0.16,0.31,0.1,TJS 2002,2.5,754,2.5,762,"a, b, c, d","2x, 2y, 2z",NA,NA,NA,NA,11/14/2006,12/11/2018,NA,NA,NA,NA,NA
SH5,9/1/2006,12/13/2006,25.42132,-81.05969,Shallow,3,15,2nd hole up from bottom,1.79,9.1,1.15,Marsh,saltwater,0.16,0.31,0.1,TJS 2002,2.5,754,2.5,762,"a, b, c, d","3x, 3y, 3z",NA,NA,NA,NA,11/14/2006,5/11/2017,NA,NA,NA,NA,NA
SH5,9/1/2006,12/13/2006,25.42132,-81.05969,Shallow,3,105,2nd hole up from bottom,1.79,9.1,1.15,Marsh,saltwater,0.16,0.31,0.1,TJS 2002,2.5,754,2.5,762,"a, b, c, d","3x, 3y, 3z",NA,NA,NA,NA,11/14/2006,5/11/2017,NA,NA,NA,NA,NA
SH5,9/1/2006,12/13/2006,25.42132,-81.05969,Shallow,3,150,2nd hole up from bottom,1.79,9.1,1.15,Marsh,saltwater,0.16,0.31,0.1,TJS 2002,2.5,754,2.5,762,"a, b, c, d","3x, 3y, 3z",NA,NA,NA,NA,11/14/2006,5/11/2017,NA,NA,NA,NA,NA
SH5,9/1/2006,12/13/2006,25.42132,-81.05969,Shallow,3,285,2nd hole up from bottom,1.8,9.1,1.15,Marsh,saltwater,0.16,0.31,0.1,TJS 2002,2.5,754,2.5,762,"a, b, c, d","3x, 3y, 3z",NA,NA,NA,NA,11/14/2006,5/11/2017,NA,NA,NA,NA,NA
SH5,9/1/2006,12/13/2006,25.42132,-81.05969,Deep,1,95,2nd hole up from bottom,1.89,9.1,NR,Marsh,saltwater,0.16,0.31,0.1,St Pete 2005,2.5,762,2.5,762,"a, b, c, d","1x, 1y, 1z",NA,NA,NA,NA,11/14/2006,5/11/2017,NA,NA,NA,NA,NA
SH5,9/1/2006,12/13/2006,25.42132,-81.05969,Deep,1,140,2nd hole up from bottom,1.89,9.1,NR,Marsh,saltwater,0.16,0.31,0.1,St Pete 2005,2.5,762,2.5,762,"a, b, c, d","1x, 1y, 1z",NA,NA,NA,NA,11/14/2006,5/11/2017,NA,NA,NA,NA,NA
SH5,9/1/2006,12/13/2006,25.42132,-81.05969,Deep,1,230,2nd hole up from bottom,1.87,9.1,NR,Marsh,saltwater,0.16,0.31,0.1,St Pete 2005,2.5,762,2.5,762,"a, b, c, d","1x, 1y, 1z",NA,NA,NA,NA,11/14/2006,5/11/2017,NA,NA,NA,NA,NA
SH5,9/1/2006,12/13/2006,25.42132,-81.05969,Deep,1,320,2nd hole up from bottom,1.87,9.1,NR,Marsh,saltwater,0.16,0.31,0.1,St Pete 2005,2.5,762,2.5,762,"a, b, c, d","1x, 1y, 1z",NA,NA,NA,NA,11/14/2006,5/11/2017,NA,NA,NA,NA,NA
SH5,9/1/2006,12/13/2006,25.42132,-81.05969,Deep,2,60,2nd hole up from bottom,1.88,9.1,NR,Marsh,saltwater,0.16,0.31,0.1,St Pete 2005,2.5,762,2.5,762,"a, b, c, d","2x, 2y, 2z",NA,NA,NA,NA,11/14/2006,12/11/2018,NA,NA,NA,NA,NA
SH5,9/1/2006,12/13/2006,25.42132,-81.05969,Deep,2,105,2nd hole up from bottom,1.88,9.1,NR,Marsh,saltwater,0.16,0.31,0.1,St Pete 2005,2.5,762,2.5,762,"a, b, c, d","2x, 2y, 2z",NA,NA,NA,NA,11/14/2006,12/11/2018,NA,NA,NA,NA,NA
SH5,9/1/2006,12/13/2006,25.42132,-81.05969,Deep,2,195,2nd hole up from bottom,1.88,9.1,NR,Marsh,saltwater,0.16,0.31,0.1,St Pete 2005,2.5,762,2.5,762,"a, b, c, d","2x, 2y, 2z",NA,NA,NA,NA,11/14/2006,12/11/2018,NA,NA,NA,NA,NA
SH5,9/1/2006,12/13/2006,25.42132,-81.05969,Deep,2,330,2nd hole up from bottom,1.88,9.1,NR,Marsh,saltwater,0.16,0.31,0.1,St Pete 2005,2.5,762,2.5,762,"a, b, c, d","2x, 2y, 2z",NA,NA,NA,NA,11/14/2006,12/11/2018,NA,NA,NA,NA,NA
SH5,9/1/2006,12/13/2006,25.42132,-81.05969,Deep,3,25,2nd hole up from bottom,2.05,9.1,NR,Marsh,saltwater,0.16,0.31,0.1,St Pete 2005,2.5,762,2.5,762,"a, b, c, d","3x, 3y, 3z",NA,NA,NA,NA,11/14/2006,5/11/2017,NA,NA,NA,NA,NA
SH5,9/1/2006,12/13/2006,25.42132,-81.05969,Deep,3,115,2nd hole up from bottom,2.05,9.1,NR,Marsh,saltwater,0.16,0.31,0.1,St Pete 2005,2.5,762,2.5,762,"a, b, c, d","3x, 3y, 3z",NA,NA,NA,NA,11/14/2006,5/11/2017,NA,NA,NA,NA,NA
SH5,9/1/2006,12/13/2006,25.42132,-81.05969,Deep,3,210,2nd hole up from bottom,2.05,9.1,NR,Marsh,saltwater,0.16,0.31,0.1,St Pete 2005,2.5,762,2.5,762,"a, b, c, d","3x, 3y, 3z",NA,NA,NA,NA,11/14/2006,5/11/2017,NA,NA,NA,NA,NA
SH5,9/1/2006,12/13/2006,25.42132,-81.05969,Deep,3,340,2nd hole up from bottom,2.03,9.1,NR,Marsh,saltwater,0.16,0.31,0.1,St Pete 2005,2.5,762,2.5,762,"a, b, c, d","3x, 3y, 3z",NA,NA,NA,NA,11/14/2006,5/11/2017,NA,NA,NA,NA,NA
BSC,7/17/1998,7/28/1998,25.26616,-81.16227,Original (Forest),1,75,NA,3.43,10.4,10.4,Open water,saltwater,NR,NR,NR,Foote 96-1,4,1219,4,1223,"1a, 1b, 1c","1a, 1b, 1c","1d, 1e, 1f","1h, 1i, 1j","1x, 1y, 1z",NA,7/28/1994,10/16/2000,2/14/2005,7/21/2008,5/13/2017,NA,NA
BSC,7/17/1998,7/28/1998,25.26616,-81.16227,Original (Forest),1,205,NA,3.51,10.4,10.4,Open water,saltwater,NR,NR,NR,Foote 96-1,4,1219,4,1223,"1a, 1b, 1c","1a, 1b, 1c","1d, 1e, 1f","1h, 1i, 1j","1x, 1y, 1z",NA,7/28/1994,10/16/2000,2/14/2005,7/21/2008,5/13/2017,NA,NA
BSC,7/17/1998,7/28/1998,25.26616,-81.16227,Original (Forest),1,250,NA,3.45,10.4,10.4,Open water,saltwater,NR,NR,NR,Foote 96-1,4,1219,4,1223,"1a, 1b, 1c","1a, 1b, 1c","1d, 1e, 1f","1h, 1i, 1j","1x, 1y, 1z",NA,7/28/1994,10/16/2000,2/14/2005,7/21/2008,5/13/2017,NA,NA
BSC,7/17/1998,7/28/1998,25.26616,-81.16227,Original (Forest),1,340,NA,3.44,10.4,10.4,Open water,saltwater,NR,NR,NR,Foote 96-1,4,1219,4,1223,"1a, 1b, 1c","1a, 1b, 1c","1d, 1e, 1f","1h, 1i, 1j","1x, 1y, 1z",NA,7/28/1994,10/16/2000,2/14/2005,7/21/2008,5/13/2017,NA,NA
BSC,7/17/1998,7/28/1998,25.26616,-81.16227,Original (Forest),2,140,NA,3.46,10.8,10.8,Open water,saltwater,NR,NR,NR,Foote 96-1,4,1219,4,1223,"2a, 2b, 2c","2a, 2b, 2c","2d, 2e, 2f","2h, 2i, 2j","2x, 2y, 2z",NA,7/28/1994,10/16/2000,2/14/2005,7/21/2008,5/13/2017,NA,NA
BSC,7/17/1998,7/28/1998,25.26616,-81.16227,Original (Forest),2,230,NA,3.45,10.8,10.8,Open water,saltwater,NR,NR,NR,Foote 96-1,4,1219,4,1223,"2a, 2b, 2c","2a, 2b, 2c","2d, 2e, 2f","2h, 2i, 2j","2x, 2y, 2z",NA,7/28/1994,10/16/2000,2/14/2005,7/21/2008,5/13/2017,NA,NA
BSC,7/17/1998,7/28/1998,25.26616,-81.16227,Original (Forest),2,275,NA,3.47,10.8,10.8,Open water,saltwater,NR,NR,NR,Foote 96-1,4,1219,4,1223,"2a, 2b, 2c","2a, 2b, 2c","2d, 2e, 2f","2h, 2i, 2j","2x, 2y, 2z",NA,7/28/1994,10/16/2000,2/14/2005,7/21/2008,5/13/2017,NA,NA
BSC,7/17/1998,7/28/1998,25.26616,-81.16227,Original (Forest),2,320,NA,3.48,10.8,10.8,Open water,saltwater,NR,NR,NR,Foote 96-1,4,1219,4,1223,"2a, 2b, 2c","2a, 2b, 2c","2d, 2e, 2f","2h, 2i, 2j","2x, 2y, 2z",NA,7/28/1994,10/16/2000,2/14/2005,7/21/2008,5/13/2017,NA,NA
BSC,7/17/1998,7/28/1998,25.26616,-81.16227,Original (Forest),3,20,NA,3.41,14.3,14.3,Open water,saltwater,NR,NR,NR,Foote 96-1,4,1219,4,1223,"3a, 3b, 3c","3a, 3b, 3c","3d, 3e, 3f","3h, 3i, 3j","3x, 3y, 3z",NA,7/28/1994,10/16/2000,2/14/2005,7/21/2008,12/12/2018,NA,NA
BSC,7/17/1998,7/28/1998,25.26616,-81.16227,Original (Forest),3,155,NA,3.42,14.3,14.3,Open water,saltwater,NR,NR,NR,Foote 96-1,4,1219,4,1223,"3a, 3b, 3c","3a, 3b, 3c","3d, 3e, 3f","3h, 3i, 3j","3x, 3y, 3z",NA,7/28/1994,10/16/2000,2/14/2005,7/21/2008,12/12/2018,NA,NA
BSC,7/17/1998,7/28/1998,25.26616,-81.16227,Original (Forest),3,190,NA,3.33,14.3,14.3,Open water,saltwater,NR,NR,NR,Foote 96-1,4,1219,4,1223,"3a, 3b, 3c","3a, 3b, 3c","3d, 3e, 3f","3h, 3i, 3j","3x, 3y, 3z",NA,7/28/1994,10/16/2000,2/14/2005,7/21/2008,12/12/2018,NA,NA
BSC,7/17/1998,7/28/1998,25.26616,-81.16227,Original (Forest),3,235,NA,3.42,14.3,14.3,Open water,saltwater,NR,NR,NR,Foote 96-1,4,1219,4,1223,"3a, 3b, 3c","3a, 3b, 3c","3d, 3e, 3f","3h, 3i, 3j","3x, 3y, 3z",NA,7/28/1994,10/16/2000,2/14/2005,7/21/2008,12/12/2018,NA,NA
BSC,7/17/1998,7/28/1998,25.26616,-81.16227,Original (Mud),1,70,NA,1.13,8.7,8.7,Open water,saltwater,NR,NR,NR,Foote 96-1,4,1219,4,1223,NA,NA,NA,NA,NA,NA,NA,NA,NA,NA,NA,NA,NA
BSC,7/17/1998,7/28/1998,25.26616,-81.16227,Original (Mud),1,115,NA,1.14,8.7,8.7,Open water,saltwater,NR,NR,NR,Foote 96-1,4,1219,4,1223,NA,NA,NA,NA,NA,NA,NA,NA,NA,NA,NA,NA,NA
BSC,7/17/1998,7/28/1998,25.26616,-81.16227,Original (Mud),1,150,NA,NR,8.7,8.7,Open water,saltwater,NR,NR,NR,Foote 96-1,4,1219,4,1223,NA,NA,NA,NA,NA,NA,NA,NA,NA,NA,NA,NA,NA
BSC,7/17/1998,7/28/1998,25.26616,-81.16227,Original (Mud),1,160,NA,NR,NR,NR,Open water,saltwater,NR,NR,NR,Foote 96-1,4,1219,4,1223,NA,NA,NA,NA,NA,NA,NA,NA,NA,NA,NA,NA,Replaced 250 (which replaced 70) on 10/26/2010
BSC,4/9/2007,4/9/2007,25.26616,-81.16227,Original (Mud),1,205,NA,NR,NR,NR,Open water,saltwater,NR,NR,NR,Foote 96-1,4,1219,4,1223,NA,NA,NA,NA,NA,NA,NA,NA,NA,NA,NA,NA,Replaced 150 on 4/9/2007
BSC,7/17/1998,7/28/1998,25.26616,-81.16227,Original (Mud),1,250,NA,1.13,8.7,8.7,Open water,saltwater,NR,NR,NR,Foote 96-1,4,1219,4,1223,NA,NA,NA,NA,NA,NA,NA,NA,NA,NA,NA,NA,Replaced 70 on 7/30/2010
BSC,7/17/1998,7/28/1998,25.26616,-81.16227,Original (Mud),1,295,NA,1.13,8.7,8.7,Open water,saltwater,NR,NR,NR,Foote 96-1,4,1219,4,1223,NA,NA,NA,NA,NA,NA,NA,NA,NA,NA,NA,NA,NA
BSC,4/9/2008,4/9/2008,25.26616,-81.16227,Original (Mud),2,30,NA,NR,8.7,8.7,Open water,saltwater,NR,NR,NR,Foote 96-1,4,1219,4,1223,NA,NA,NA,NA,NA,NA,NA,NA,NA,NA,NA,NA,Replaced 345 on 4/9/2008
BSC,7/17/1998,7/28/1998,25.26616,-81.16227,Original (Mud),2,165,NA,1.13,8.7,8.7,Open water,saltwater,NR,NR,NR,Foote 96-1,4,1219,4,1223,NA,NA,NA,NA,NA,NA,NA,NA,NA,NA,NA,NA,NA
BSC,7/17/1998,7/28/1998,25.26616,-81.16227,Original (Mud),2,210,NA,1.15,8.7,8.7,Open water,saltwater,NR,NR,NR,Foote 96-1,4,1219,4,1223,NA,NA,NA,NA,NA,NA,NA,NA,NA,NA,NA,NA,NA
BSC,7/17/1998,7/28/1998,25.26616,-81.16227,Original (Mud),2,255,NA,1.18,8.7,8.7,Open water,saltwater,NR,NR,NR,Foote 96-1,4,1219,4,1223,NA,NA,NA,NA,NA,NA,NA,NA,NA,NA,NA,NA,NA
BSC,7/17/1998,7/28/1998,25.26616,-81.16227,Original (Mud),2,345,NA,1.17,8.7,8.7,Open water,saltwater,NR,NR,NR,Foote 96-1,4,1219,4,1223,NA,NA,NA,NA,NA,NA,NA,NA,NA,NA,NA,NA,NA
BSC,7/17/1998,7/28/1998,25.26616,-81.16227,Original (Mud),3,5,NA,NR,8.7,8.7,Open water,saltwater,NR,NR,NR,Foote 96-1,4,1219,4,1223,NA,NA,NA,NA,NA,NA,NA,NA,NA,NA,NA,NA,"Damaged, last measured 8/16/2001"
BSC,7/17/1998,7/28/1998,25.26616,-81.16227,Original (Mud),3,95,NA,NR,8.7,8.7,Open water,saltwater,NR,NR,NR,Foote 96-1,4,1219,4,1223,NA,NA,NA,NA,NA,NA,NA,NA,NA,NA,NA,NA,"Damaged, last measured 8/16/2001"
BSC,7/17/1998,7/28/1998,25.26616,-81.16227,Original (Mud),3,230,NA,NR,8.7,8.7,Open water,saltwater,NR,NR,NR,Foote 96-1,4,1219,4,1223,NA,NA,NA,NA,NA,NA,NA,NA,NA,NA,NA,NA,"Damaged, last measured 8/16/2001"
BSC,7/17/1998,7/28/1998,25.26616,-81.16227,Original (Mud),3,280,NA,NR,8.7,8.7,Open water,saltwater,NR,NR,NR,Foote 96-1,4,1219,4,1223,NA,NA,NA,NA,NA,NA,NA,NA,NA,NA,NA,NA,"Damaged, last measured 8/16/2001"
BSC,6/21/2011,7/19/2011,25.26616,-81.16227,Deep (Mud),1,45,2nd hole up from bottom,NR,8.7,25.4,Open water,saltwater,NR,NR,NR,St Pete 2005,2.5,762,2.5,762,NA,NA,NA,NA,NA,NA,NA,NA,NA,NA,NA,NA,Replaced original Mud SETs. First reading 7/19/2011
BSC,6/21/2011,7/19/2011,25.26616,-81.16227,Deep (Mud),1,90,2nd hole up from bottom,0.1,8.7,25.4,Open water,saltwater,NR,NR,NR,St Pete 2005,2.5,762,2.5,762,NA,NA,NA,NA,NA,NA,NA,NA,NA,NA,NA,NA,Replaced original Mud SETs. First reading 7/19/2011
BSC,6/21/2011,7/19/2011,25.26616,-81.16227,Deep (Mud),1,180,2nd hole up from bottom,NR,8.7,25.4,Open water,saltwater,NR,NR,NR,St Pete 2005,2.5,762,2.5,762,NA,NA,NA,NA,NA,NA,NA,NA,NA,NA,NA,NA,Replaced original Mud SETs. First reading 7/19/2011
BSC,6/21/2011,7/19/2011,25.26616,-81.16227,Deep (Mud),1,270,2nd hole up from bottom,0.1,8.7,25.4,Open water,saltwater,NR,NR,NR,St Pete 2005,2.5,762,2.5,762,NA,NA,NA,NA,NA,NA,NA,NA,NA,NA,NA,NA,Replaced original Mud SETs. First reading 7/19/2011
BSC,6/21/2011,7/19/2011,25.26616,-81.16227,Deep (Mud),2,50,2nd hole up from bottom,0.36,8.7,9.2,Open water,saltwater,NR,NR,NR,St Pete 2005,2.5,762,2.5,762,NA,NA,NA,NA,NA,NA,NA,NA,NA,NA,NA,NA,Replaced original Mud SETs. First reading 7/19/2011
BSC,6/21/2011,7/19/2011,25.26616,-81.16227,Deep (Mud),2,140,2nd hole up from bottom,NR,8.7,9.2,Open water,saltwater,NR,NR,NR,St Pete 2005,2.5,762,2.5,762,NA,NA,NA,NA,NA,NA,NA,NA,NA,NA,NA,NA,Replaced original Mud SETs. First reading 7/19/2011
BSC,6/21/2011,7/19/2011,25.26616,-81.16227,Deep (Mud),2,230,2nd hole up from bottom,0.36,8.7,9.2,Open water,saltwater,NR,NR,NR,St Pete 2005,2.5,762,2.5,762,NA,NA,NA,NA,NA,NA,NA,NA,NA,NA,NA,NA,Replaced original Mud SETs. First reading 7/19/2011
BSC,6/21/2011,7/19/2011,25.26616,-81.16227,Deep (Mud),2,275,2nd hole up from bottom,NR,8.7,9.2,Open water,saltwater,NR,NR,NR,St Pete 2005,2.5,762,2.5,762,NA,NA,NA,NA,NA,NA,NA,NA,NA,NA,NA,NA,Replaced original Mud SETs. First reading 7/19/2011
BSC,6/21/2011,5/17/2013,25.26616,-81.16227,Deep (Mud),3,5,1st hole up from bottom,NR,8.7,19.4,Open water,saltwater,NR,NR,NR,St Pete 2005,2.5,762,2.5,762,NA,NA,NA,NA,NA,NA,NA,NA,NA,NA,NA,NA,Replaced original Mud SETs. First reading 5/17/2013
BSC,6/21/2011,5/17/2013,25.26616,-81.16227,Deep (Mud),3,185,1st hole up from bottom,0.08,8.7,19.4,Open water,saltwater,NR,NR,NR,St Pete 2005,2.5,762,2.5,762,NA,NA,NA,NA,NA,NA,NA,NA,NA,NA,NA,NA,Replaced original Mud SETs. First reading 5/17/2013
BSC,6/21/2011,5/17/2013,25.26616,-81.16227,Deep (Mud),3,230,1st hole up from bottom,NR,8.7,19.4,Open water,saltwater,NR,NR,NR,St Pete 2005,2.5,762,2.5,762,NA,NA,NA,NA,NA,NA,NA,NA,NA,NA,NA,NA,Replaced original Mud SETs. First reading 5/17/2013
BSC,6/21/2011,5/17/2013,25.26616,-81.16227,Deep (Mud),3,320,1st hole up from bottom,0.08,8.7,19.4,Open water,saltwater,NR,NR,NR,St Pete 2005,2.5,762,2.5,762,NA,NA,NA,NA,NA,NA,NA,NA,NA,NA,NA,NA,Replaced original Mud SETs. First reading 5/17/2013
