plot_id,bb_cover,cover_type,height_min,height_max,cover_notes
1,1,Dead,NA,NA,NA
1,0,SCAM,120,130,NA
1,5,TYLA,90,180,NA
2,4,SCAM,80,120,NA
2,0,TYLA,NA,NA,NA
3,5,IVFR,200,210,NA
3,3,SCAM,120,150,NA
3,0,SPCY,120,120,NA
4,1,IVFR,140,220,NA
4,1,SCAM,110,190,NA
4,4,TYLA,NA,NA,NA
5,2,BareOrWater,NA,NA,NA
5,0,IVFR,240,240,NA
5,2,PHAU,120,220,NA
5,4,SPCY,120,150,NA
6,1,Dead,0,200,NA
6,4,IVFR,150,195,NA
6,4,SPCY,150,240,NA
7,1,BareOrWater,NA,NA,NA
7,5,IVFR,130,225,NA
7,1,TYLA,80,150,NA
8,1,Dead,20,NA,NA
8,5,SCAM,10,120,NA
8,0,TYLA,90,90,NA
9,3,IVFR,100,220,NA
9,3,PHAU,150,270,NA
9,0,SPAL,90,120,NA
11,3,IVFR,170,170,NA
11,1,SCAM,100,160,NA
11,3,SPAL,90,130,NA
12,1,BareOrWater,NA,NA,NA
12,2,Dead,25,NA,NA
12,3,IVFR,115,150,NA
12,2,SCAM,100,120,NA
12,3,SPCY,90,115,NA
13,1,BareOrWater,NA,NA,NA
13,4,IVFR,170,230,NA
13,3,PHAU,140,200,NA
13,0,SCAM,150,175,NA
13,2,SPCY,105,150,NA
14,4,BareOrWater,NA,NA,NA
14,1,Dead,5,NA,NA
14,2,IVFR,100,210,NA
14,0,SCAM,120,140,NA
14,3,SPCY,60,155,NA
15,3,BareOrWater,NA,NA,NA
15,3,IVFR,200,215,NA
15,0,SCAM,100,130,NA
15,2,SPCY,120,165,NA
16,3,BareOrWater,NA,NA,NA
16,2,SCAM,120,135,NA
16,4,SPCY,150,180,NA
17,1,BareOrWater,NA,NA,NA
17,2,C4,40,90,NA
17,2,Dead,20,NA,NA
17,1,IVFR,50,170,NA
17,3,SCAM,40,130,NA
18,4,BareOrWater,NA,NA,NA
18,2,C4,70,100,NA
18,0,Dead,0,NA,NA
18,4,IVFR,30,195,NA
18,1,SCAM,80,130,NA
18,1,SPCY,90,130,NA
19,0,C4,50,75,NA
19,1,Dead,5,NA,NA
19,4,IVFR,170,195,NA
19,1,SCAM,120,170,NA
19,3,SPCY,90,115,NA
20,1,BareOrWater,NA,NA,NA
20,2,Dead,20,290,NA
20,0,IVFR,130,130,NA
20,5,PHAU,90,290,NA
21,1,Dead,5,NA,NA
21,4,IVFR,170,220,NA
21,3,PHAU,210,245,NA
21,0,SCAM,120,175,NA
22,3,BareOrWater,NA,NA,NA
22,2,IVFR,70,130,NA
22,1,SCAM,70,150,NA
22,3,SPCY,120,200,NA
23,5,SCAM,90,120,NA
24,3,C4,50,70,NA
24,4,IVFR,115,155,NA
25,5,IVFR,110,170,NA
26,2,C4,30,50,NA
26,4,IVFR,130,160,NA
27,4,IVFR,130,170,NA
27,2,SCAM,70,140,NA
28,2,C4,20,40,NA
28,3,Dead,10,NA,NA
28,1,IVFR,75,165,NA
28,2,SCAM,70,110,NA
29,3,C4,30,45,unknown grasses
29,2,IVFR,80,125,unknown grasses
30,3,Dead,20,NA,NA
30,4,TYLA,65,175,NA
31,1,C4,40,55,NA
31,4,Dead,10,NA,NA
31,2,SCAM,60,110,NA
32,3,C4,70,90,NA
32,2,Dead,10,NA,NA
32,2,SCAM,70,105,NA
33,1,BareOrWater,NA,NA,NA
33,3,C4,60,80,NA
33,2,Dead,15,NA,NA
33,3,SCAM,70,130,NA
34,2,C4,45,90,NA
34,3,Dead,35,NA,NA
34,2,SCAM,60,135,NA
35,1,C4,35,85,NA
35,3,Dead,20,NA,NA
35,3,IVFR,125,140,NA
35,1,SCAM,50,125,NA
36,3,C4,60,75,NA
36,3,Dead,5,NA,NA
36,1,IVFR,70,115,NA
37,3,C4,45,105,NA
37,2,Dead,5,NA,NA
37,2,IVFR,105,135,NA
38,1,Dead,5,NA,flowering plants under phrag
38,4,PHAU,200,280,flowering plants under phrag
39,4,BareOrWater,NA,NA,NA
39,1,Dead,10,NA,NA
39,3,SCAM,130,155,NA
40,1,BareOrWater,NA,NA,NA
40,0,C4,30,50,NA
40,4,Dead,20,NA,NA
40,2,SCAM,50,170,NA
40,1,TYLA,160,180,NA
41,3,C4,35,55,NA
41,3,Dead,15,NA,NA
41,2,SCAM,55,100,NA
42,3,C4,35,70,NA
42,3,Dead,15,NA,NA
42,3,SCAM,45,85,NA
43,3,C4,55,70,NA
43,3,Dead,10,NA,NA
43,2,SCAM,75,110,NA
44,3,C4,35,55,NA
44,3,Dead,10,NA,NA
44,2,SCAM,60,90,NA
45,1,Dead,5,NA,NA
45,4,IVFR,145,190,NA
45,4,PHAU,170,270,NA
46,1,Dead,5,NA,NA
46,4,IVFR,60,190,NA
46,4,PHAU,100,280,NA
47,1,Dead,5,NA,NA
47,3,IVFR,40,150,NA
47,3,PHAU,120,210,NA
48,0,Dead,5,NA,NA
48,5,PHAU,210,360,NA
49,4,BareOrWater,NA,NA,NA
49,1,Dead,10,NA,NA
49,3,TYLA,90,210,NA
50,3,BareOrWater,NA,NA,NA
50,1,Dead,40,NA,NA
50,4,SCAM,65,155,NA
50,1,TYLA,100,190,NA
51,2,BareOrWater,NA,NA,NA
51,0,C4,50,60,NA
51,1,Dead,10,NA,NA
51,4,SCAM,90,155,NA
52,1,BareOrWater,NA,NA,NA
52,0,C4,40,70,NA
52,1,Dead,20,NA,NA
52,3,SCAM,75,145,NA
53,4,Dead,40,NA,NA
53,3,SCAM,60,130,NA
54,2,C4,30,55,NA
54,4,Dead,20,NA,NA
54,2,SCAM,35,100,NA
55,2,C4,50,70,NA
55,3,Dead,15,NA,NA
55,1,SCAM,35,55,NA
56,0,C4,70,70,NA
56,4,Dead,5,NA,NA
56,4,SCAM,35,140,NA
57,3,C4,30,70,NA
57,3,Dead,15,NA,NA
57,1,SCAM,60,110,NA
58,3,C4,40,70,NA
58,3,Dead,15,110,NA
58,1,SCAM,70,115,NA
59,3,C4,25,75,NA
59,0,Dead,5,NA,NA
59,4,IVFR,70,170,NA
59,1,SCAM,110,165,NA
60,4,BareOrWater,NA,NA,NA
60,3,IVFR,70,175,NA
60,3,PHAU,120,240,NA
61,4,Dead,60,NA,NA
61,0,IVFR,100,100,NA
61,4,PHAU,170,290,NA
62,2,Dead,30,NA,NA
62,5,PHAU,210,340,NA
63,1,Dead,40,NA,NA
63,5,PHAU,250,320,NA
64,1,C4,50,90,NA
64,1,Dead,20,NA,NA
64,4,IVFR,70,150,NA
64,2,PHAU,135,155,NA
65,2,C4,70,90,NA
65,1,Dead,10,NA,NA
65,4,PHAU,135,250,NA
66,4,BareOrWater,NA,NA,NA
66,2,C4,50,75,NA
66,4,PHAU,110,175,NA
66,1,SCAM,90,125,NA
67,4,BareOrWater,NA,NA,NA
67,4,PHAU,80,130,NA
68,2,BareOrWater,NA,NA,NA
68,1,Dead,25,NA,NA
68,0,PHAU,210,210,NA
68,2,SCAM,85,155,NA
68,1,TYLA,150,165,NA
69,4,BareOrWater,NA,NA,NA
69,0,C4,90,90,NA
69,3,SCAM,85,140,NA
70,4,BareOrWater,NA,NA,NA
70,1,Dead,10,NA,NA
70,2,SCAM,80,130,NA
71,4,BareOrWater,NA,NA,NA
71,0,C4,65,70,NA
71,2,SCAM,80,130,NA
72,2,BareOrWater,NA,NA,NA
72,1,C4,60,70,NA
72,3,Dead,20,NA,NA
72,3,SCAM,60,120,NA
73,1,C4,30,40,NA
73,4,Dead,40,NA,NA
73,2,SCAM,40,120,NA
74,1,BareOrWater,NA,NA,NA
74,1,C4,25,60,NA
74,4,Dead,25,NA,NA
74,3,SCAM,80,110,NA
75,4,BareOrWater,NA,NA,NA
75,2,C4,60,85,NA
75,3,SCAM,50,105,NA
76,3,C4,50,60,NA
76,3,Dead,15,NA,NA
76,0,IVFR,100,100,NA
76,1,SCAM,45,80,NA
77,4,C4,60,270,NA
77,2,Dead,10,NA,NA
77,1,IVFR,65,90,NA
77,0,SCAM,65,80,NA
78,2,C4,30,70,NA
78,2,Dead,20,NA,NA
78,3,IVFR,25,130,NA
78,1,SCAM,80,125,NA
79,2,C4,70,85,dead cover is scam
79,3,Dead,30,NA,dead cover is scam
79,3,SCAM,90,150,dead cover is scam
80,4,C4,60,70,NA
80,1,Dead,10,NA,NA
80,2,IVFR,90,135,NA
80,1,PHAU,85,185,NA
80,1,SCAM,90,130,NA
81,1,BareOrWater,NA,NA,NA
81,1,Dead,20,NA,NA
81,4,PHAU,80,215,NA
82,3,C4,50,65,NA
82,2,Dead,15,NA,NA
82,2,PHAU,65,100,NA
83,2,C4,45,70,dead cover is scam
83,3,Dead,10,NA,dead cover is scam
83,3,SCAM,70,100,dead cover is scam
84,3,C4,55,70,NA
84,4,Dead,15,NA,NA
84,3,SCAM,40,105,NA
85,4,C4,50,70,NA
85,1,Dead,5,NA,NA
85,0,PHAU,45,65,NA
85,1,SCAM,60,90,NA
86,4,C4,30,60,NA
86,3,Dead,5,NA,NA
86,0,PHAU,90,90,NA
87,5,PHAU,155,250,NA
88,0,C4,60,70,NA
88,4,Dead,20,NA,NA
88,3,SCAM,40,135,NA
89,1,BareOrWater,NA,NA,NA
89,0,C4,60,60,NA
89,3,Dead,40,NA,NA
89,3,SCAM,75,140,NA
90,4,BareOrWater,NA,NA,NA
90,0,C4,30,65,NA
90,1,Dead,40,NA,NA
90,3,SCAM,70,140,NA
91,4,BareOrWater,NA,NA,NA
91,0,C4,80,100,NA
91,2,Dead,40,NA,NA
91,4,SCAM,80,140,NA
92,5,BareOrWater,NA,NA,NA
92,0,C4,50,75,NA
92,3,SCAM,25,130,NA
93,2,C4,50,60,NA
93,4,Dead,20,NA,NA
93,3,SCAM,55,110,NA
94,3,C4,50,75,NA
94,2,SCAM,40,105,NA
95,4,C4,40,65,NA
95,1,IVFR,30,45,NA
95,1,SCAM,45,80,NA
96,3,BareOrWater,NA,NA,NA
96,3,C4,65,90,NA
96,4,Dead,30,NA,NA
96,0,IVFR,145,145,NA
96,2,SCAM,85,115,NA
97,3,BareOrWater,NA,NA,NA
97,0,C4,70,80,NA
97,2,IVFR,85,100,NA
97,3,SCAM,80,140,NA
98,3,C4,45,75,NA
98,4,Dead,20,NA,NA
98,2,SCAM,50,105,NA
99,2,C4,40,60,NA
99,4,Dead,15,NA,NA
99,1,IVFR,110,110,NA
99,2,SCAM,60,100,NA
100,3,C4,50,80,NA
100,4,Dead,15,NA,NA
100,3,SCAM,40,115,NA
101,3,C4,55,80,NA
101,4,Dead,20,NA,NA
101,0,IVFR,30,90,NA
101,3,SCAM,90,125,NA
102,2,C4,50,60,NA
102,4,Dead,15,NA,NA
102,2,SCAM,80,120,NA
103,3,Dead,15,NA,NA
103,3,IVFR,90,130,NA
103,3,SCAM,70,125,NA
104,1,C4,75,95,NA
104,1,Dead,20,NA,NA
104,5,IVFR,70,170,NA
104,1,SCAM,70,140,NA
105,2,C4,40,70,NA
105,4,Dead,20,NA,NA
105,2,IVFR,65,125,NA
105,2,SCAM,60,115,NA
106,5,C4,40,70,NA
106,4,Dead,20,NA,NA
106,0,IVFR,110,110,NA
106,0,PHAU,45,65,NA
107,4,C4,40,75,NA
107,1,IVFR,80,135,NA
107,3,PHAU,130,210,NA
108,5,BareOrWater,NA,NA,NA
108,2,SCAM,55,120,NA
109,5,BareOrWater,NA,NA,NA
109,1,C4,40,80,NA
109,3,SCAM,125,135,NA
110,3,BareOrWater,NA,NA,NA
110,3,C4,40,70,NA
110,1,Dead,40,NA,NA
110,4,SCAM,60,120,NA
111,2,BareOrWater,NA,NA,NA
111,0,C4,50,85,NA
111,2,Dead,30,NA,NA
111,4,SCAM,60,135,NA
112,4,BareOrWater,NA,NA,NA
112,1,C4,70,90,NA
112,1,Dead,40,NA,NA
112,3,SCAM,60,135,NA
113,4,BareOrWater,NA,NA,NA
113,0,C4,40,80,NA
113,2,Dead,15,NA,NA
113,4,SCAM,105,140,NA
114,5,BareOrWater,NA,NA,NA
114,0,SCAM,20,45,NA
115,1,BareOrWater,NA,NA,NA
115,4,C4,40,80,NA
115,2,Dead,20,NA,NA
115,2,SCAM,60,120,NA
116,3,BareOrWater,NA,NA,NA
116,0,C4,50,70,NA
116,2,Dead,15,NA,NA
116,2,SCAM,50,140,NA
117,0,C4,65,70,NA
117,1,Dead,20,NA,NA
117,4,IVFR,65,150,NA
117,0,PHAU,190,170,NA
117,2,SCAM,80,165,NA
118,2,BareOrWater,NA,NA,NA
118,2,C4,65,120,NA
118,3,IVFR,140,180,NA
118,2,SCAM,70,140,NA
119,1,BareOrWater,NA,NA,NA
119,0,C4,65,70,NA
119,3,Dead,15,NA,NA
119,3,SCAM,60,120,NA
120,4,C4,45,65,NA
120,4,Dead,5,NA,NA
120,1,IVFR,75,75,NA
120,1,SCAM,40,80,NA
121,1,C4,50,70,NA
121,4,Dead,30,NA,NA
121,3,IVFR,104,135,NA
121,2,SCAM,30,130,NA
122,3,C4,40,60,NA
122,4,Dead,20,NA,NA
122,NA,SCAM,45,110,NA
123,1,C4,50,60,NA
123,4,Dead,20,NA,NA
123,1,SCAM,45,100,NA
124,1,C4,25,65,NA
124,4,Dead,30,NA,NA
124,3,IVFR,85,140,NA
124,2,SCAM,50,125,NA
125,4,C4,40,90,NA
125,1,Dead,10,NA,NA
125,3,IVFR,45,115,NA
125,2,SCAM,65,155,NA
126,3,BareOrWater,NA,NA,NA
126,1,C4,10,10,NA
126,0,Dead,0,NA,NA
126,4,IVFR,145,170,NA
126,4,PHAU,180,270,NA
127,1,Dead,30,NA,NA
127,5,PHAU,145,290,NA
128,1,Dead,NA,NA,NA
128,4,KOVI,70,125,NA
128,4,PHAU,145,250,NA
129,2,BareOrWater,NA,NA,NA
129,3,Dead,60,NA,NA
129,3,SCAM,70,130,NA
129,0,TYLA,NA,NA,NA
130,4,BareOrWater,NA,NA,NA
130,3,C4,60,80,NA
130,3,Dead,70,NA,NA
130,3,SCAM,60,130,NA
131,5,BareOrWater,NA,NA,NA
131,1,C4,30,60,NA
131,0,Dead,25,NA,NA
131,3,SCAM,50,100,NA
132,3,BareOrWater,NA,NA,NA
132,0,C4,45,70,NA
132,3,Dead,25,NA,NA
132,3,SCAM,90,125,NA
133,3,BareOrWater,NA,NA,NA
133,0,C4,70,70,NA
133,2,Dead,30,NA,NA
133,3,SCAM,105,135,NA
134,1,C4,40,70,NA
134,4,Dead,35,NA,NA
134,4,SCAM,65,130,NA
135,3,C4,55,70,NA
135,1,Dead,20,NA,NA
135,3,SCAM,80,100,NA
136,3,BareOrWater,NA,NA,NA
136,2,C4,50,80,NA
136,1,Dead,20,NA,NA
136,0,IVFR,100,100,NA
136,2,SCAM,80,130,NA
137,5,BareOrWater,NA,NA,NA
137,2,C4,NA,NA,NA
137,1,Dead,20,NA,NA
137,1,IVFR,120,120,NA
137,2,SCAM,40,120,NA
138,3,C4,70,95,NA
138,3,IVFR,90,170,NA
138,4,PHAU,120,215,NA
138,2,SCAM,100,130,NA
139,1,Dead,10,NA,NA
139,3,IVFR,60,190,NA
139,4,PHAU,170,280,NA
140,0,BareOrWater,NA,NA,NA
140,4,C4,40,60,NA
140,3,IVFR,90,105,NA
140,1,SCAM,40,100,NA
141,4,Dead,30,NA,NA
141,NA,SCAM,80,150,NA
142,1,BareOrWater,NA,NA,NA
142,4,C4,75,105,NA
142,4,IVFR,70,140,NA
142,2,SCAM,70,130,NA
143,5,C4,50,70,NA
143,1,Dead,10,NA,NA
143,2,SCAM,65,100,NA
144,5,C4,20,60,NA
144,1,Dead,10,NA,NA
144,1,IVFR,90,90,NA
144,1,SCAM,40,70,NA
145,5,C4,50,60,NA
145,1,Dead,10,NA,NA
146,4,C4,70,195,NA
146,2,Dead,20,NA,NA
146,2,IVFR,110,135,NA
147,2,IVFR,140,140,NA
147,4,KOVI,NA,NA,NA
147,4,PHAU,140,210,NA
148,1,Dead,10,NA,NA
148,5,PHAU,215,320,NA
149,2,C4,45,75,NA
149,4,Dead,20,NA,NA
149,NA,SCAM,70,110,NA
150,0,C4,60,60,NA
150,4,Dead,20,NA,NA
150,3,SCAM,50,80,NA
151,1,BareOrWater,NA,NA,NA
151,0,C4,30,30,NA
151,4,Dead,NA,NA,NA
151,4,SCAM,30,130,NA
152,2,C4,50,70,NA
152,4,Dead,20,NA,NA
152,4,SCAM,60,115,NA
153,3,BareOrWater,NA,NA,NA
153,2,C4,40,70,NA
153,3,Dead,20,NA,NA
153,3,SCAM,80,120,NA
154,4,BareOrWater,NA,NA,NA
154,2,C4,40,80,NA
154,1,Dead,NA,NA,NA
154,0,IVFR,160,160,NA
154,3,SCAM,40,140,NA
155,4,BareOrWater,NA,NA,NA
155,1,C4,40,80,NA
155,3,IVFR,120,160,NA
155,2,SCAM,20,130,NA
156,3,BareOrWater,NA,NA,NA
156,3,C4,70,90,NA
156,3,SCAM,30,140,NA
157,5,BareOrWater,NA,NA,NA
157,2,Dead,20,NA,NA
157,2,SCAM,50,130,NA
158,0,C4,50,60,NA
158,0,Dead,0,NA,NA
158,3,IVFR,70,175,NA
158,3,KOVI,NA,NA,NA
158,4,PHAU,170,270,NA
159,4,BareOrWater,NA,NA,NA
159,4,IVFR,160,210,NA
159,0,PHAU,180,180,NA
160,2,C4,40,60,NA
160,1,Dead,10,NA,NA
160,4,IVFR,100,160,NA
161,5,C4,15,60,NA
161,1,Dead,5,NA,NA
161,2,IVFR,60,90,NA
161,0,SCAM,50,80,NA
162,4,C4,70,100,NA
162,1,Dead,5,NA,NA
162,4,IVFR,80,190,NA
163,NA,C4,20,70,NA
163,1,Dead,10,NA,NA
164,1,BareOrWater,NA,NA,NA
164,4,C4,30,100,NA
164,2,Dead,NA,NA,NA
164,4,IVFR,150,170,NA
165,4,C4,50,85,NA
165,1,Dead,15,NA,NA
165,3,IVFR,80,110,NA
165,0,SCAM,NA,NA,NA
166,4,C4,NA,NA,NA
166,2,Dead,10,NA,NA
166,2,IVFR,125,130,NA
166,NA,SCAM,50,70,NA
166,2,SPAL,80,100,NA
167,2,Dead,30,NA,NA
167,5,PHAU,140,250,NA
168,4,C4,50,60,NA
168,3,Dead,15,NA,NA
168,2,SCAM,30,130,NA
168,0,TYLA,100,100,NA
169,0,BareOrWater,NA,NA,NA
169,3,C4,40,60,NA
169,3,Dead,15,NA,NA
169,2,SCAM,45,80,NA
170,1,BareOrWater,NA,NA,NA
170,0,C4,20,50,NA
170,4,Dead,15,NA,NA
170,2,SCAM,40,100,NA
171,1,BareOrWater,NA,NA,NA
171,2,C4,65,180,NA
171,2,Dead,30,NA,NA
171,3,SCAM,95,125,NA
172,4,C4,60,100,NA
172,2,Dead,60,NA,NA
172,2,SCAM,40,130,NA
173,1,BareOrWater,NA,NA,NA
173,3,C4,50,70,NA
173,2,SCAM,60,100,NA
174,3,C4,70,100,NA
174,3,IVFR,120,175,NA
174,0,SCAM,70,70,NA
175,2,BareOrWater,NA,NA,NA
175,4,IVFR,110,190,NA
175,2,PHAU,195,210,NA
176,3,C4,40,70,NA
176,2,Dead,40,NA,NA
176,2,KOVI,NA,NA,NA
176,3,SCAM,100,190,NA
177,1,BareOrWater,NA,NA,NA
177,3,C4,50,85,NA
177,1,Dead,10,NA,NA
177,3,IVFR,120,140,NA
177,2,PHAU,150,215,NA
178,4,BareOrWater,NA,NA,NA
178,0,C4,95,115,NA
178,1,Dead,30,NA,NA
178,3,IVFR,110,175,NA
178,2,PHAU,160,235,NA
179,2,BareOrWater,NA,NA,NA
179,1,Dead,5,NA,NA
179,5,IVFR,190,240,NA
179,0,KOVI,50,130,NA
179,2,PHAU,200,300,NA
179,0,SCAM,130,160,NA
180,2,BareOrWater,NA,NA,NA
180,3,C4,50,100,NA
180,1,Dead,5,NA,NA
180,4,IVFR,70,185,NA
181,4,BareOrWater,NA,NA,NA
181,4,C4,NA,NA,NA
181,2,Dead,20,155,NA
181,2,IVFR,40,180,NA
181,0,KOVI,50,50,NA
182,5,C4,40,65,NA
182,4,Dead,20,NA,NA
182,2,IVFR,85,105,NA
182,0,SCAM,40,90,NA
183,4,C4,60,100,NA
183,2,Dead,10,NA,NA
183,4,IVFR,140,160,NA
183,3,SCAM,60,130,NA
184,1,BareOrWater,NA,NA,NA
184,2,Dead,20,NA,NA
184,3,KOVI,30,150,NA
184,4,PHAU,70,210,NA
185,3,BareOrWater,NA,NA,NA
185,0,Dead,5,NA,NA
185,3,IVFR,80,175,NA
185,0,KOVI,150,150,NA
185,3,PHAU,185,255,NA
185,2,SCAM,110,130,NA
186,3,C4,60,70,NA
186,4,Dead,15,NA,NA
186,2,SCAM,60,90,NA
187,3,C4,60,80,NA
187,4,Dead,20,NA,NA
187,2,SCAM,70,90,NA
188,1,BareOrWater,NA,NA,NA
188,0,C4,55,70,NA
188,4,Dead,25,NA,NA
188,3,SCAM,65,100,NA
189,2,C4,40,60,NA
189,3,Dead,30,NA,NA
189,3,SCAM,90,110,NA
190,0,BareOrWater,NA,NA,NA
190,2,C4,55,60,NA
190,3,Dead,15,NA,NA
190,3,SCAM,80,105,NA
191,4,C4,60,80,NA
191,2,Dead,20,NA,NA
191,2,IVFR,60,120,NA
192,1,C4,30,90,NA
192,4,IVFR,100,180,NA
192,2,PHAU,190,220,NA
193,4,KOVI,NA,NA,NA
193,5,PHAU,190,290,NA
194,2,BareOrWater,NA,NA,NA
194,0,C4,80,100,NA
194,0,Dead,5,190,NA
194,4,IVFR,155,190,NA
194,2,KOVI,20,170,NA
194,0,PHAU,250,280,NA
195,1,Dead,10,NA,NA
195,4,PHAU,195,280,NA
195,0,SPCY,130,130,NA
196,4,BareOrWater,NA,NA,NA
196,0,C4,35,50,NA
196,1,Dead,15,NA,NA
196,2,IVFR,80,150,NA
196,4,KOVI,30,150,NA
196,2,PHAU,90,225,NA
196,1,SCAM,110,155,NA
197,4,C4,70,90,NA
197,3,Dead,10,NA,NA
197,3,IVFR,110,130,NA
197,0,Unknown,90,125,NA
198,4,C4,30,100,NA
198,3,Dead,10,NA,NA
198,2,IVFR,110,130,NA
198,3,KOVI,50,150,NA
198,2,SCAM,70,130,NA
199,3,BareOrWater,NA,NA,NA
199,1,C4,20,80,NA
199,1,Dead,5,NA,NA
199,4,IVFR,100,195,NA
199,2,KOVI,30,120,NA
199,2,SCAM,90,140,NA
200,2,BareOrWater,NA,NA,NA
200,1,Dead,15,NA,NA
200,1,IVFR,125,140,NA
200,3,KOVI,50,210,NA
200,5,PHAU,125,265,NA
201,3,BareOrWater,NA,NA,NA
201,3,Dead,40,NA,NA
201,0,AMAR,140,140,NA
201,2,Hibiscus,155,180,NA
201,3,PHAU,180,280,NA
202,4,BareOrWater,NA,NA,river; edge
202,2,Dead,10,NA,river; edge
202,4,PHAU,105,210,river; edge
202,1,SPCY,105,190,river; edge
203,0,BareOrWater,NA,NA,NA
203,NA,C4,35,85,NA
203,4,Dead,20,NA,NA
203,0,IVFR,150,NA,NA
203,3,SCAM,50,180,NA
204,1,BareOrWater,NA,NA,NA
204,2,C4,5,70,NA
204,3,Dead,25,NA,NA
204,3,SCAM,80,120,NA
205,1,BareOrWater,NA,NA,NA
205,3,C4,20,65,NA
205,2,Dead,10,NA,NA
205,2,SCAM,35,105,NA
206,1,BareOrWater,NA,NA,NA
206,3,C4,50,60,NA
206,2,Dead,10,NA,NA
206,2,SCAM,55,115,NA
207,3,C4,25,105,NA
207,2,Dead,10,NA,NA
207,2,SCAM,30,115,NA
208,3,C4,40,60,NA
208,2,Dead,15,NA,NA
208,2,SCAM,40,105,NA
208,0,SOSE,65,65,NA
209,4,C4,50,70,NA
209,2,IVFR,85,115,NA
210,2,BareOrWater,NA,NA,NA
210,1,C4,55,60,NA
210,4,IVFR,150,175,NA
210,0,KOVI,20,20,NA
210,1,SCAM,65,120,NA
211,2,Dead,10,NA,NA
211,5,PHAU,135,280,NA
211,0,Unknown,90,90,NA
212,5,BareOrWater,NA,NA,creek is the whole plot
213,4,C4,70,85,C4 is flat
213,1,Dead,15,NA,C4 is flat
213,3,IVFR,60,145,C4 is flat
213,0,PHAU,120,120,C4 is flat
213,0,SOSE,85,85,C4 is flat
214,4,C4,60,110,C4 is flat
214,1,Dead,10,NA,C4 is flat
214,3,IVFR,140,165,C4 is flat
215,NA,C4,55,100,C4 is flat
215,1,Dead,20,NA,C4 is flat
215,5,IVFR,165,170,C4 is flat
215,1,SCAM,75,105,C4 is flat
216,1,BareOrWater,NA,NA,NA
216,0,Dead,25,NA,NA
216,4,KOVI,20,170,NA
216,3,PHAU,125,175,NA
217,3,BareOrWater,NA,NA,NA
217,1,Dead,15,210,NA
217,3,KOVI,60,60,NA
217,4,PHAU,105,220,NA
218,1,BareOrWater,NA,NA,near river
218,1,Dead,5,200,near river
218,5,PHAU,145,255,near river
219,4,C4,40,80,NA
219,2,Dead,15,NA,NA
219,0,PHAU,190,190,NA
219,3,SCAM,75,120,NA
220,3,C4,20,65,NA
220,3,Dead,20,NA,NA
220,2,SCAM,40,105,NA
221,2,C4,45,60,NA
221,4,Dead,20,NA,NA
221,2,SCAM,70,105,NA
222,3,C4,20,60,NA
222,3,Dead,15,NA,NA
222,2,SCAM,35,100,NA
223,2,C4,15,75,NA
223,4,Dead,20,NA,NA
223,3,SCAM,30,120,NA
224,4,C4,30,80,NA
224,2,IVFR,90,105,NA
224,0,SOSE,80,80,NA
225,2,BareOrWater,NA,NA,NA
225,2,Dead,15,200,NA
225,0,IVFR,160,160,NA
225,0,KOVI,100,100,NA
225,5,PHAU,90,225,NA
226,2,BareOrWater,NA,NA,NA
226,1,Dead,290,NA,NA
226,3,IVFR,80,205,NA
226,2,KOVI,50,140,NA
226,2,PHAU,130,210,NA
226,1,SPCY,70,210,NA
227,0,BareOrWater,NA,NA,NA
227,3,C4,50,90,NA
227,2,Dead,15,230,NA
227,3,IVFR,105,165,NA
227,2,PHAU,165,190,NA
228,0,C4,30,80,NA
228,2,Dead,15,210,NA
228,4,KOVI,70,160,NA
228,3,PHAU,95,210,NA
229,1,BareOrWater,NA,NA,NA
229,1,Dead,10,NA,NA
229,3,IVFR,80,160,NA
229,1,KOVI,95,105,NA
229,2,PHAU,120,170,NA
230,1,BareOrWater,NA,NA,NA
230,5,PHAU,115,255,NA
230,2,SPCY,15,255,NA
231,2,BareOrWater,NA,NA,water
231,2,Dead,20,240,water
231,3,PHAU,170,290,water
231,0,SCAM,100,140,water
231,4,TYLA,150,210,water
232,4,BareOrWater,NA,NA,pond
232,1,C4,70,100,pond
232,1,Dead,65,120,pond
232,3,IVFR,140,190,pond
232,2,PHAU,215,225,pond
232,1,SCAM,150,150,pond
232,1,TYLA,115,150,pond
233,1,C4,30,100,pond
233,3,IVFR,150,170,pond
233,1,PHAU,90,140,pond
233,2,SCAM,115,160,pond
233,3,SPCY,NA,NA,pond
234,2,BareOrWater,NA,NA,NA
234,1,Dead,15,NA,NA
234,3,IVFR,160,185,NA
234,1,PHAU,140,150,NA
234,0,SCAM,100,100,NA
234,2,SPCY,80,195,NA
235,4,C4,40,100,NA
235,1,Dead,45,NA,NA
235,4,IVFR,130,165,NA
235,0,SCAM,140.16,NA,NA
236,3,BareOrWater,NA,NA,NA
236,1,Dead,5,190,NA
236,1,IVFR,140,190,NA
236,2,KOVI,20,140,NA
236,4,PHAU,100,175,NA
237,2,BareOrWater,NA,NA,NA
237,1,Dead,10,315,NA
237,3,KOVI,150,185,NA
237,4,PHAU,80,240,NA
238,3,BareOrWater,NA,NA,NA
238,2,Dead,10,215,NA
238,3,IVFR,170,200,NA
238,0,KOVI,5,5,NA
238,5,PHAU,140,255,NA
239,4,C4,40,85,NA
239,3,Dead,5,NA,NA
239,3,IVFR,140,165,NA
239,0,SOSE,90,90,NA
240,5,C4,25,60,NA
240,0,Dead,1,NA,NA
240,0,SOSE,45,45,NA
241,1,BareOrWater,NA,NA,NA
241,4,C4,40,100,NA
241,1,Dead,5,NA,NA
241,3,IVFR,160,180,NA
241,3,PHAU,155,260,NA
241,0,SCAM,130,150,NA
242,3,BareOrWater,NA,NA,NA
242,4,PHAU,80,240,NA
242,1,SPCY,10,240,NA
243,2,BareOrWater,NA,NA,NA
243,1,Dead,15,285,NA
243,1,KOVI,60,170,NA
243,5,PHAU,105,275,NA
243,0,SCAM,90,110,NA
244,4,C4,30,80,NA
244,1,Dead,40,NA,NA
244,3,IVFR,130,150,NA
244,2,SOSE,50,80,NA
244,3,Unknown,100,140,NA
245,5,BareOrWater,NA,NA,NA
245,3,TYLA,80,170,NA
246,3,BareOrWater,NA,NA,pond
246,3,C4,50,90,pond
246,1,Dead,10,100,pond
246,3,IVFR,120,170,pond
246,0,KOVI,120,120,pond
246,2,SCAM,80,130,pond
247,4,BareOrWater,NA,NA,pond
247,2,C4,35,80,pond
247,4,IVFR,160,180,pond
247,2,PHAU,90,165,pond
247,0,SCAM,85,140,pond
248,5,BareOrWater,NA,NA,creek is the whole plot
248,2,SPCY,205,230,creek is the whole plot
249,4,BareOrWater,NA,NA,pondy area
249,3,C4,15,NA,pondy area
249,3,IVFR,170,180,pondy area
249,2,KOVI,140,150,pondy area
250,5,BareOrWater,NA,NA,pond
251,2,BareOrWater,NA,NA,NA
251,5,PHAU,70,230,NA
251,2,SPCY,10,290,NA
252,2,Dead,30,300,NA
252,5,PHAU,105,210,NA
253,5,BareOrWater,NA,NA,in creek
254,0,BareOrWater,NA,NA,NA
254,5,C4,40,90,NA
254,2,Dead,10,NA,NA
254,2,IVFR,150,150,NA
255,2,BareOrWater,NA,NA,NA
255,1,C4,40,90,NA
255,1,Dead,165,NA,NA
255,3,IVFR,120,170,NA
255,0,KOVI,35,65,NA
255,2,SOSE,40,110,NA
255,2,SPCY,25,110,NA
256,2,BareOrWater,NA,NA,NA
256,0,C4,60,80,NA
256,0,Dead,25,NA,NA
256,4,IVFR,180,210,NA
256,0,SOSE,60,90,NA
257,2,BareOrWater,NA,NA,NA
257,2,C4,40,80,NA
257,1,Dead,5,NA,NA
257,3,IVFR,125,150,NA
257,0,KOVI,15,20,NA
257,2,PHAU,40,80,NA
257,2,SCAM,70,100,NA
257,2,SOSE,50,70,NA
258,1,BareOrWater,NA,NA,NA
258,4,C4,30,95,NA
258,1,Dead,25,NA,NA
258,2,IVFR,40,150,NA
258,3,PHAU,90,255,NA
258,0,SOSE,80,100,NA
258,2,Unknown,80,145,NA
259,4,Dead,10,NA,NA
259,1,SCAM,30,160,NA
259,5,TYLA,115,200,NA
260,5,C4,70,100,NA
260,2,SCAM,80,155,NA
260,1,TYLA,70,145,NA
261,2,C4,45,70,NA
261,0,Dead,5,NA,NA
261,2,IVFR,100,140,NA
261,2,SCAM,35,130,NA
262,2,BareOrWater,NA,NA,NA
262,2,C4,40,90,NA
262,2,IVFR,165,165,NA
262,0,KOVI,90,100,NA
262,NA,PHAU,40,70,NA
262,2,SCAM,45,120,NA
263,0,C4,35,70,NA
263,3,Dead,40,200,NA
263,3,IVFR,170,190,NA
263,0,KOVI,5,5,NA
263,2,PHAU,50,165,NA
263,0,SCAM,140,140,NA
264,2,BareOrWater,NA,NA,NA
264,2,Dead,30,NA,NA
264,3,IVFR,90,220,NA
264,4,PHAU,90,220,NA
264,3,SCAM,145,145,NA
264,2,SPCY,50,125,NA
265,2,BareOrWater,NA,NA,NA
265,0,Dead,0,NA,NA
265,5,IVFR,160,180,NA
265,2,SCAM,115,140,NA
266,5,BareOrWater,NA,NA,NA
266,2,IVFR,155,155,NA
266,1,SPCY,85,85,NA
267,4,BareOrWater,NA,NA,NA
267,3,C4,60,95,NA
267,0,Dead,0,NA,NA
267,2,IVFR,150,150,NA
267,0,KOVI,65,65,NA
267,2,PHAU,120,220,NA
268,3,BareOrWater,NA,NA,NA
268,3,C4,40,100,NA
268,3,Dead,5,NA,NA
268,4,IVFR,180,195,NA
268,2,SPCY,80,115,NA
269,1,BareOrWater,NA,NA,NA
269,3,C4,30,85,NA
269,2,Dead,200,NA,NA
269,3,IVFR,90,NA,NA
269,NA,KOVI,10,150,NA
269,1,SOSE,60,100,NA
270,4,C4,30,70,NA
270,2,IVFR,105,140,NA
270,0,SCAM,85,85,NA
270,1,SOSE,75,80,NA
271,5,C4,40,65,NA
271,0,Dead,15,NA,NA
271,2,SOSE,50,80,NA
272,3,BareOrWater,NA,NA,NA
272,1,C4,15.8,NA,NA
272,1,Dead,25,NA,NA
272,4,IVFR,130,160,NA
272,0,KOVI,10,85,NA
272,1,SCAM,70,120,NA
273,4,BareOrWater,NA,NA,NA
273,1,Dead,20,NA,NA
273,3,IVFR,145,170,NA
273,0,SCAM,140,140,NA
273,2,SPCY,105,205,NA
274,4,BareOrWater,NA,NA,NA
274,3,C4,20,70,NA
274,0,Dead,100,140,NA
274,2,SPAL,30,90,NA
274,0,SPCY,195,195,NA
275,4,Dead,5,70,NA
275,0,SCAM,100,100,NA
275,4,TYLA,60,220,NA
276,5,BareOrWater,NA,NA,NA
276,2,SCAM,25,140,NA
276,0,SOSE,15,80,NA
276,2,TYLA,70,150,NA
277,2,C4,50,80,NA
277,4,Dead,15,NA,NA
277,3,SCAM,55,105,NA
278,4,C4,35,75,NA
278,3,Dead,15,NA,NA
278,0,PHAU,80,170,NA
278,2,SCAM,30,100,NA
279,3,BareOrWater,NA,NA,NA
279,3,C4,30,100,NA
279,1,Dead,40,NA,NA
279,3,IVFR,80,150,NA
279,0,PHAU,130,150,NA
279,2,SCAM,70,150,NA
280,4,C4,60,100,NA
280,1,Dead,40,NA,NA
280,3,IVFR,120,165,NA
280,1,PHAU,150,180,NA
280,2,SCAM,80,150,NA
281,2,BareOrWater,NA,NA,NA
281,1,Dead,230,230,NA
281,3,IVFR,160,200,NA
281,4,PHAU,130,250,NA
281,0,SCAM,115,120,NA
282,3,BareOrWater,NA,NA,NA
282,1,Dead,230,230,NA
282,3,IVFR,190,200,NA
282,3,PHAU,115,260,NA
282,0,SCAM,115,140,NA
283,4,BareOrWater,NA,NA,NA
283,1,C4,30,85,NA
283,0,Dead,5,260,NA
283,0,IVFR,80,80,NA
283,4,PHAU,105,230,NA
283,0,SCAM,105,185,NA
284,3,BareOrWater,NA,NA,NA
284,2,Dead,15,NA,NA
284,4,PHAU,85,190,NA
285,3,BareOrWater,NA,NA,pond
285,3,C4,60,80,pond
285,3,IVFR,180,190,pond
285,0,KOVI,50,50,pond
285,2,SCAM,100,140,pond
286,1,BareOrWater,NA,NA,NA
286,3,IVFR,175,180,NA
286,3,SCAM,100,190,NA
286,2,SPCY,180,290,NA
287,4,BareOrWater,NA,NA,NA
287,1,Dead,5,NA,NA
287,0,SCAM,140,180,NA
287,4,TYLA,120,160,NA
288,2,Dead,70,275,NA
288,5,PHAU,100,250,NA
289,1,Dead,40,200,NA
289,5,PHAU,100,240,NA
290,1,Dead,70,275,NA
290,5,PHAU,90,210,NA
291,2,Dead,60,NA,NA
291,5,PHAU,60,NA,NA
292,0,C4,60,60,NA
292,4,Dead,50,NA,NA
292,1,SCAM,40,140,NA
292,1,SPCY,20,150,NA
293,0,C4,50,80,NA
293,2,Dead,15,NA,NA
293,1,SCAM,25,100,NA
294,2,C4,70,90,NA
294,4,Dead,40,NA,NA
294,3,IVFR,90,140,NA
294,2,SCAM,45,180,NA
295,4,BareOrWater,NA,NA,pond
295,4,IVFR,NA,NA,pond
295,3,PHAU,NA,NA,pond
296,1,Dead,0,NA,NA
296,5,PHAU,140,250,NA
297,5,BareOrWater,NA,NA,pond
298,3,BareOrWater,NA,NA,NA
298,4,IVFR,180,230,NA
298,3,SCAM,150,150,NA
299,4,BareOrWater,NA,NA,NA
299,0,Dead,0,NA,NA
299,2,IVFR,160,160,NA
299,3,PHAU,130,250,NA
299,2,SPCY,150,200,NA
300,4,BareOrWater,NA,NA,NA
300,1,Dead,5,NA,NA
300,1,IVFR,200,200,NA
300,3,PHAU,110,260,NA
301,1,Dead,5,320,NA
301,2,KOVI,160,190,NA
301,4,PHAU,140,350,NA
301,0,SCAM,125,135,NA
302,4,C4,45,75,NA
302,1,Dead,10,NA,NA
302,1,SCAM,15,60,NA
303,4,C4,50,80,NA
303,1,Dead,15,NA,NA
303,0,AMAR,80,80,NA
303,0,IVFR,140,140,NA
303,3,SCAM,110,NA,NA
304,3,C4,40,80,NA
304,1,Dead,0,NA,NA
304,3,SCAM,80,115,NA
304,0,Unknown,60,60,NA
305,0,C4,30,60,NA
305,0,Dead,5,NA,NA
305,4,IVFR,90,165,NA
305,2,SCAM,140,170,NA
306,1,Dead,90,320,NA
306,3,PHAU,125,210,NA
307,1,Dead,240,NA,NA
307,5,PHAU,100,240,NA
307,NA,SCAM,80,80,NA
308,1,Dead,260,NA,NA
308,2,KOVI,165,165,NA
308,5,PHAU,90,250,NA
309,1,Dead,230,NA,NA
309,5,PHAU,90,230,NA
309,NA,TYLA,0,NA,NA
310,1,Dead,340,NA,NA
310,5,PHAU,125,330,NA
311,1,Dead,90,270,NA
311,5,PHAU,140,360,NA
312,1,BareOrWater,NA,NA,NA
312,2,Dead,25,NA,NA
312,5,PHAU,210,340,NA
313,1,BareOrWater,NA,NA,NA
313,1,Dead,10,NA,NA
313,5,PHAU,200,370,NA
314,2,Dead,20,160,NA
314,1,SCAM,90,150,NA
314,3,TYLA,85,140,NA
315,3,C4,50,85,NA
315,4,Dead,15,NA,NA
315,2,SCAM,75,120,NA
316,4,C4,30,80,NA
316,3,Dead,15,NA,NA
316,3,SCAM,90,115,NA
317,1,BareOrWater,NA,NA,NA
317,2,C4,60,90,NA
317,3,Dead,5,NA,NA
317,2,IVFR,100,160,NA
317,2,SCAM,80,145,NA
318,4,BareOrWater,NA,NA,NA
318,0,Dead,0,NA,NA
318,0,IVFR,260,260,NA
318,3,PHAU,150,265,NA
319,1,BareOrWater,NA,NA,NA
319,2,C4,60,85,NA
319,1,Dead,10,NA,NA
319,3,IVFR,165,195,NA
319,2,PHAU,60,125,NA
319,1,SCAM,NA,NA,NA
320,1,BareOrWater,NA,NA,NA
320,1,Dead,5,NA,NA
320,3,IVFR,200,200,NA
320,2,PHAU,60,175,NA
320,0,SCAM,90,165,NA
321,0,AMAR,140,140,NA
321,1,BareOrWater,NA,NA,NA
321,1,Dead,5,NA,NA
321,4,PHAU,50,185,NA
321,0,SCAM,70,120,NA
321,0,Unknown,55,55,NA
322,3,BareOrWater,NA,NA,NA
322,1,Dead,5,215,NA
322,3,IVFR,170,210,NA
322,3,PHAU,10,215,NA
323,1,BareOrWater,NA,NA,NA
323,1,Dead,5,225,NA
323,NA,PHAU,95,219,NA
324,2,BareOrWater,NA,NA,NA
324,1,C4,70.9,NA,NA
324,0,Dead,10,NA,NA
324,3,IVFR,210,210,NA
324,3,PHAU,170,240,NA
325,0,AMAR,NA,NA,NA
325,4,BareOrWater,NA,NA,NA
325,2,IVFR,120,180,NA
325,4,SPAL,75,170,NA
326,3,Dead,30,260,NA
326,5,SPCY,40,245,NA
327,2,Dead,280,NA,dead is mostly spcy
327,0,Hibiscus,90,150,dead is mostly spcy
327,3,SPCY,120,230,dead is mostly spcy
327,0,TYLA,110,110,dead is mostly spcy
328,3,BareOrWater,NA,NA,NA
328,1,Dead,50,NA,NA
328,2,SPCY,180,215,NA
328,3,TYLA,100,165,NA
329,1,Dead,20,NA,NA
329,NA,KOVI,35,170,NA
329,3,PHAU,170,270,NA
329,0,SCAM,70,110,NA
329,NA,TYLA,110,200,NA
330,3,C4,50,60,NA
330,0,Dead,0,NA,NA
330,4,IVFR,240,240,NA
330,0,SCAM,110,160,NA
330,2,SPCY,185,200,NA
331,1,BareOrWater,NA,NA,NA
331,0,KOVI,140,160,NA
331,4,PHAU,75,190,NA
331,0,SCAM,150,150,NA
331,0,SPCY,160,200,NA
332,4,BareOrWater,NA,NA,on creak
332,4,PHAU,100,260,on creak
332,0,SCAM,70,180,on creak
333,2,Dead,30,NA,NA
333,1,IVFR,170,170,NA
333,4,KOVI,30,160,NA
333,2,PHAU,50,180,NA
333,0,SCAM,70,160,NA
334,1,BareOrWater,NA,NA,NA
334,1,Dead,5,NA,NA
334,0,AMAR,50,50,NA
334,4,PHAU,140,215,NA
335,1,BareOrWater,NA,NA,NA
335,1,Dead,NA,NA,NA
335,4,PHAU,30,160,NA
335,0,SCAM,70,115,NA
336,1,Dead,15,215,NA
336,4,PHAU,80,195,NA
336,0,SCAM,110,140,NA
337,3,Dead,NA,NA,dead is mostly spcy
337,1,IVFR,70,215,dead is mostly spcy
337,1,PHAU,140,230,dead is mostly spcy
338,2,BareOrWater,NA,NA,NA
338,5,IVFR,200,230,NA
339,4,BareOrWater,NA,NA,iva knocked over
339,1,Dead,10,NA,iva knocked over
339,3,SCAM,80,160,iva knocked over
340,NA,Dead,10,NA,NA
340,4,PHAU,215,290,NA
340,0,SCAM,140,170,NA
341,1,BareOrWater,NA,NA,NA
341,1,Dead,5,NA,NA
341,4,PHAU,100,265,NA
341,0,SCAM,50,120,NA
342,5,BareOrWater,NA,NA,NA
342,1,IVFR,180,180,NA
342,0,PHAU,85,85,NA
342,1,SPCY,190,190,NA
343,4,BareOrWater,NA,NA,NA
343,4,PHAU,50,235,NA
344,3,Dead,25,NA,NA
344,5,PHAU,120,230,NA
345,2,C4,70,100,NA
345,3,Dead,15,NA,NA
345,0,KOVI,140,140,NA
345,3,SCAM,90,150,NA
346,1,C4,70,110,NA
346,2,Dead,20,NA,NA
346,4,IVFR,140,170,NA
346,1,SPAL,120,145,NA
347,4,BareOrWater,NA,NA,NA
347,1,Dead,20,40,NA
347,4,PHAU,70,215,NA
348,4,BareOrWater,NA,NA,NA
348,1,Dead,5,NA,NA
348,2,IVFR,110,170,NA
348,1,PHAU,120,250,NA
348,1,SCAM,5,125,NA
349,5,BareOrWater,NA,NA,NA
349,0,C4,50,70,NA
349,0,Dead,150,150,NA
349,1,IVFR,200,210,NA
349,0,SCAM,110,110,NA
349,0,SPCY,200,200,NA
350,3,C4,50,70,NA
350,4,Dead,25,NA,NA
350,2,SCAM,60,120,NA
351,3,C4,40,70,NA
351,4,Dead,20,NA,NA
351,2,SCAM,60,120,NA
352,1,BareOrWater,NA,NA,NA
352,1,C4,40,90,NA
352,3,Dead,30,NA,NA
352,3,IVFR,140,150,NA
352,2,SCAM,40,165,NA
353,1,BareOrWater,NA,NA,NA
353,2,Dead,20,NA,NA
353,0,KOVI,180,180,NA
353,4,PHAU,75,220,NA
353,3,SCAM,90,140,NA
354,0,BareOrWater,NA,NA,NA
354,2,Dead,10,NA,NA
354,5,PHAU,175,275,NA
355,4,BareOrWater,NA,NA,NA
355,1,Dead,10,NA,NA
355,4,PHAU,90,295,NA
356,2,Dead,10,NA,NA
356,3,IVFR,190,200,NA
356,4,PHAU,135,230,NA
357,5,C4,45,90,NA
357,2,Dead,5,NA,NA
357,0,IVFR,110,110,NA
358,2,BareOrWater,NA,NA,NA
358,2,Dead,15,NA,NA
358,2,IVFR,200,180,NA
358,1,KOVI,180,180,NA
358,NA,PHAU,130,220,NA
359,2,Dead,10,NA,NA
359,NA,KOVI,50,170,NA
359,4,SPCY,190,220,NA
360,2,IVFR,195,195,NA
360,0,SCAM,100,150,NA
360,4,SPCY,200,260,NA
361,4,PHAU,100,240,NA
361,1,SCAM,55,100,NA
361,4,SPCY,150,200,NA
362,3,BareOrWater,NA,NA,NA
362,3,IVFR,110,210,NA
362,4,PHAU,25,200,NA
362,0,SPCY,55,180,NA
363,1,BareOrWater,NA,NA,NA
363,2,Dead,10,280,NA
363,4,PHAU,120,245,NA
364,5,BareOrWater,NA,NA,NA
365,3,IVFR,160,170,NA
365,0,PHAU,60,190,NA
365,4,SPAL,60,110,NA
365,0,SPCY,160,170,NA
366,2,BareOrWater,NA,NA,NA
366,4,C4,30,75,NA
366,1,Dead,20,NA,NA
366,1,IVFR,175,NA,NA
366,2,KOVI,50,50,NA
366,3,SCAM,60,135,NA
367,3,C4,30,75,NA
367,3,Dead,15,NA,NA
367,2,SCAM,30,130,NA
368,2,C4,40,70,NA
368,4,Dead,20,NA,NA
368,2,SCAM,70,115,NA
369,3,C4,35,80,NA
369,4,Dead,15,NA,NA
369,2,SCAM,NA,NA,NA
370,2,C4,50,80,dead is mostly scam
370,4,Dead,25,NA,dead is mostly scam
370,3,SCAM,50,90,dead is mostly scam
371,2,BareOrWater,NA,NA,NA
371,1,Dead,20,210,NA
371,3,IVFR,140,150,NA
371,0,KOVI,20,80,NA
371,2,PHAU,50,175,NA
371,0,SCAM,100,100,NA
372,1,BareOrWater,NA,NA,NA
372,1,Dead,10,260,NA
372,4,PHAU,60,260,NA
372,3,SCAM,90,150,NA
373,5,BareOrWater,NA,NA,NA
373,0,PHAU,120,160,NA
374,1,C4,50,90,NA
374,4,Dead,30,NA,NA
374,2,IVFR,120,150,NA
374,0,PHAU,120,140,NA
374,3,SCAM,30,140,NA
375,1,BareOrWater,NA,NA,NA
375,3,C4,25,90,NA
375,2,Dead,35,NA,NA
375,2,KOVI,60,145,NA
375,1,SCAM,70,130,NA
376,4,C4,40,90,NA
376,2,Dead,20,NA,NA
376,1,IVFR,120,120,NA
376,1,SCAM,85,130,NA
377,5,C4,40,70,NA
377,1,Dead,10,NA,NA
377,2,SCAM,45,100,NA
378,3,BareOrWater,NA,NA,NA
378,4,IVFR,195,195,NA
378,1,PHAU,120,120,NA
378,0,SCAM,150,150,NA
379,4,Dead,10,NA,NA
379,3,IVFR,200,200,NA
379,2,PHAU,105,225,NA
380,4,Dead,10,NA,NA
380,4,PHAU,50,225,NA
381,0,BareOrWater,NA,NA,NA
381,2,Dead,30,210,NA
381,3,PHAU,100,225,NA
381,4,SCAM,140,180,NA
382,3,Dead,5,NA,NA
382,3,IVFR,180,150,NA
382,4,PHAU,80,260,NA
382,NA,SCAM,130,155,NA
383,3,C4,60,120,NA
383,1,Dead,15,230,NA
383,2,Hibiscus,280,280,NA
383,2,IVFR,100,190,NA
383,3,PHAU,10,230,NA
383,0,SCAM,90,100,NA
384,3,BareOrWater,NA,NA,NA
384,3,C4,60,80,NA
384,1,Dead,25,NA,NA
384,2,SCAM,25,145,NA
384,0,Unknown,40,40,NA
385,1,BareOrWater,NA,NA,NA
385,5,C4,30,90,NA
385,2,Dead,20,NA,NA
385,1,SCAM,50,135,NA
386,0,BareOrWater,NA,NA,NA
386,4,C4,30,85,NA
386,3,Dead,10,NA,NA
386,2,SCAM,55,115,NA
387,NA,AMAR,50,50,NA
387,0,BareOrWater,NA,NA,NA
387,2,C4,45,80,NA
387,3,Dead,5,NA,NA
387,3,SCAM,75,140,NA
388,2,BareOrWater,NA,NA,NA
388,2,Dead,30,260,NA
388,4,PHAU,55,210,NA
388,0,SCAM,70,120,NA
389,3,BareOrWater,NA,NA,NA
389,1,Dead,25,265,NA
389,2,IVFR,110,150,NA
389,3,PHAU,150,260,NA
389,0,SCAM,120,155,NA
390,2,BareOrWater,NA,NA,NA
390,4,Dead,30,170,NA
390,1,IVFR,180,180,NA
390,2,KOVI,150,155,NA
390,2,PHAU,80,170,NA
390,0,SCAM,80,140,NA
391,3,C4,40,80,NA
391,3,Dead,30,NA,NA
391,2,SCAM,50,110,NA
392,4,Dead,15,NA,NA
392,NA,PHAU,80,210,NA
392,3,SCAM,65,120,NA
393,2,C4,50,70,NA
393,4,Dead,25,NA,NA
393,2,SCAM,80,125,NA
394,3,Dead,5,390,dead is mostly phrag
394,2,IVFR,200,200,dead is mostly phrag
394,4,PHAU,80,235,dead is mostly phrag
395,2,IVFR,170,170,NA
395,2,PHAU,90,215,NA
396,5,PHAU,220,310,NA
396,0,SCAM,170,170,NA
397,5,Dead,NA,NA,NA
397,2,PHAU,90,220,NA
398,1,Dead,5,210,NA
398,5,PHAU,120,250,NA
399,0,BareOrWater,NA,NA,NA
399,2,Dead,5,260,NA
399,4,PHAU,60,215,NA
400,1,Dead,20,250,NA
400,2,IVFR,180,180,NA
400,4,PHAU,80,240,NA
400,0,SCAM,125,135,NA
400,0,SPCY,130,230,NA
401,4,BareOrWater,NA,NA,NA
401,3,C4,60,120,NA
401,1,Dead,10,NA,NA
401,3,IVFR,140,170,NA
401,2,SCAM,80,130,NA
401,1,SPCY,170,180,NA
402,0,BareOrWater,NA,NA,NA
402,4,Dead,15,NA,NA
402,1,SCAM,50,160,NA
402,0,SPCY,15,15,NA
402,3,TYLA,80,110,NA
403,0,BareOrWater,NA,NA,NA
403,4,Dead,10,NA,NA
403,3,SCAM,44,135,NA
403,0,TYLA,120,130,NA
404,2,BareOrWater,NA,NA,NA
404,1,C4,55,65,NA
404,2,Dead,20,160,NA
404,2,PHAU,85,180,NA
404,3,SCAM,15,145,NA
405,4,BareOrWater,NA,NA,NA
405,1,Dead,5,190,NA
405,4,PHAU,125,280,NA
405,0,SCAM,135,135,NA
406,0,AMAR,155,155,NA
406,3,BareOrWater,NA,NA,NA
406,3,C4,55,80,NA
406,0,Dead,10,NA,NA
406,2,IVFR,160,160,NA
406,2,PHAU,80,210,NA
406,0,SPCY,110,110,NA
407,3,C4,70,90,NA
407,0,Dead,0,NA,NA
407,3,IVFR,170,185,NA
407,1,SCAM,60,135,NA
408,1,BareOrWater,NA,NA,NA
408,3,C4,50,80,NA
408,3,Dead,10,NA,NA
408,0,PHAU,110,110,NA
408,2,SCAM,70,110,NA
409,3,C4,30,60,NA
409,2,Dead,20,NA,NA
409,3,SCAM,70,110,NA
410,3,C4,35,75,NA
410,3,Dead,20,NA,NA
410,2,SCAM,50,105,NA
411,3,Dead,15,220,NA
411,4,PHAU,70,185,NA
412,3,Dead,15,260,NA
412,3,PHAU,115,195,NA
413,1,Dead,220,NA,NA
413,4,IVFR,190,190,NA
413,3,PHAU,70,200,NA
413,0,SCAM,110,150,NA
414,2,BareOrWater,NA,NA,NA
414,1,Dead,5,NA,NA
414,3,IVFR,160,130,NA
414,3,PHAU,30,220,NA
415,3,BareOrWater,NA,NA,NA
415,1,Dead,300,NA,NA
415,2,IVFR,250,250,NA
415,4,PHAU,140,300,NA
416,1,BareOrWater,NA,NA,NA
416,2,Dead,10,280,NA
416,3,IVFR,210,230,NA
416,4,PHAU,150,290,NA
417,1,BareOrWater,NA,NA,NA
417,1,Dead,15,290,NA
417,4,IVFR,20,190,NA
417,4,PHAU,110,230,NA
418,3,C4,30,90,NA
418,2,Dead,10,NA,NA
418,3,IVFR,140,160,NA
418,0,PHAU,240,240,NA
418,2,SCAM,90,130,NA
419,3,C4,5,100,NA
419,3,Dead,20,NA,NA
419,3,SCAM,70,150,NA
420,2,BareOrWater,NA,NA,NA
420,2,C4,30,60,NA
420,3,Dead,20,NA,NA
420,3,SCAM,60,115,NA
421,4,C4,50,100,NA
421,1,Dead,5,NA,NA
421,2,IVFR,110,180,NA
421,1,SCAM,110,150,NA
422,1,BareOrWater,NA,NA,NA
422,1,C4,90,150,NA
422,1,Dead,10,NA,NA
422,4,IVFR,140,160,NA
422,1,SCAM,95,140,NA
423,4,BareOrWater,NA,NA,NA
423,1,Dead,20,260,NA
423,0,AMAR,110,110,NA
423,3,PHAU,110,210,NA
424,4,BareOrWater,NA,NA,NA
424,1,Dead,250,NA,NA
424,4,PHAU,125,230,NA
424,0,SCAM,110,110,NA
425,0,BareOrWater,NA,NA,NA
425,1,Dead,5,280,NA
425,0,IVFR,NA,NA,NA
425,4,PHAU,90,170,NA
426,3,BareOrWater,NA,NA,NA
426,2,Dead,10,240,NA
426,3,IVFR,215,215,NA
426,3,PHAU,100,200,NA
427,4,BareOrWater,NA,NA,NA
427,1,Dead,5,270,NA
427,1,IVFR,170,180,NA
427,4,PHAU,110,280,NA
428,1,BareOrWater,NA,NA,NA
428,3,C4,20,85,NA
428,4,IVFR,NA,NA,NA
428,0,SCAM,85,85,NA
429,2,C4,20,60,NA
429,4,Dead,15,NA,NA
429,2,SCAM,40,105,NA
430,4,C4,40,100,NA
430,1,Dead,5,NA,NA
430,1,Hibiscus,115,115,NA
430,0,IVFR,200,NA,NA
430,3,SCAM,80,120,NA
431,2,BareOrWater,NA,NA,NA
431,2,C4,40,75,NA
431,3,Dead,10,NA,NA
431,2,SCAM,45,115,NA
432,4,BareOrWater,NA,NA,NA
432,1,C4,5,75,NA
432,2,SCAM,15,115,NA
433,4,BareOrWater,NA,NA,NA
433,2,C4,60,80,NA
433,1,Dead,10,NA,NA
433,3,IVFR,130,150,NA
433,0,PHAU,70,150,NA
433,1,SCAM,70,130,NA
434,1,C4,50,90,NA
434,4,IVFR,150,180,NA
434,1,PHAU,200,230,NA
434,1,SPCY,170,250,NA
435,5,BareOrWater,NA,NA,water
435,1,IVFR,180,220,water
436,0,Dead,5,NA,NA
436,4,PHAU,175,250,NA
437,2,BareOrWater,NA,NA,NA
437,2,C4,70,120,NA
437,3,Dead,5,NA,NA
437,3,PHAU,65,195,NA
437,0,SCAM,60,100,NA
438,2,C4,90,110,NA
438,2,Dead,30,NA,NA
438,2,IVFR,180,180,NA
438,4,PHAU,110,250,NA
439,1,BareOrWater,NA,NA,NA
439,2,C4,30,70,NA
439,4,Dead,20,NA,NA
439,0,Hibiscus,70,70,NA
439,2,SCAM,35,140,NA
440,3,C4,55,60,NA
440,4,Dead,10,NA,NA
440,2,SCAM,55,110,NA
441,1,BareOrWater,NA,NA,NA
441,2,C4,45,70,NA
441,4,Dead,10,NA,NA
441,1,KOVI,115,120,NA
441,2,SCAM,60,130,NA
442,3,Dead,5,NA,NA
442,2,KOVI,150,170,NA
442,3,SPCY,100,230,NA
442,0,Unknown,11,40,NA
443,1,BareOrWater,NA,NA,NA
443,2,C4,60,70,NA
443,1,Dead,5,NA,NA
443,4,SCAM,50,150,NA
444,4,BareOrWater,NA,NA,NA
444,2,C4,45,70,NA
444,1,SCAM,70,115,NA
445,3,C4,30,80,NA
445,3,Dead,15,NA,NA
445,3,SCAM,80,130,NA
446,2,C4,55,90,NA
446,1,Dead,30,NA,NA
446,3,IVFR,140,180,NA
446,2,SCAM,75,140,NA
447,3,BareOrWater,NA,NA,NA
447,3,C4,60,80,NA
447,3,Dead,10,NA,NA
447,3,IVFR,150,150,NA
447,2,SCAM,50,150,NA
448,4,BareOrWater,NA,NA,NA
448,1,C4,60,80,NA
448,0,Dead,5,NA,NA
448,1,IVFR,130,140,NA
448,3,PHAU,80,180,NA
449,1,Dead,30,320,NA
449,1,IVFR,170,180,NA
449,5,PHAU,120,240,NA
450,2,BareOrWater,NA,NA,NA
450,3,C4,60,130,NA
450,1,Dead,25,NA,NA
450,4,IVFR,170,190,NA
451,4,BareOrWater,NA,NA,NA
451,2,C4,30,100,NA
451,1,Dead,20,NA,NA
451,3,SCAM,40,130,NA
452,2,Dead,30,NA,NA
452,2,Hibiscus,80,100,NA
452,1,SPAL,70,100,NA
452,4,SPCY,130,200,NA
453,1,Dead,15,NA,NA
453,NA,KOVI,115,130,NA
453,3,SPCY,100,200,NA
453,1,Unknown,20,40,NA
454,4,C4,30,75,NA
454,2,Dead,10,NA,NA
454,0,KOVI,60,110,NA
454,2,PHAU,95,195,NA
455,2,BareOrWater,NA,NA,NA
455,2,Dead,15,NA,NA
455,4,PHAU,55,150,NA
455,2,SPCY,40,200,NA
456,2,C4,60,90,NA
456,4,Dead,30,NA,NA
456,3,SCAM,60,115,NA
457,4,C4,30,75,NA
457,1,Dead,15,NA,NA
457,3,SCAM,55,120,NA
458,3,BareOrWater,NA,NA,NA
458,2,C4,5,70,NA
458,1,Dead,30,NA,NA
458,3,SCAM,30,140,NA
459,4,BareOrWater,NA,NA,pond
459,2,C4,10,100,pond
459,1,SCAM,50,130,pond
460,1,BareOrWater,NA,NA,NA
460,1,C4,30,50,NA
460,3,Dead,30,NA,NA
460,3,IVFR,125,170,NA
460,1,SCAM,50,120,NA
461,3,BareOrWater,NA,NA,NA
461,1,C4,40,70,NA
461,0,Dead,0,NA,NA
461,4,IVFR,170,190,NA
461,1,SCAM,105,140,NA
462,2,C4,60,110,NA
462,3,Dead,25,NA,NA
462,4,SCAM,60,130,NA
463,4,C4,50,80,NA
463,1,Dead,5,NA,NA
463,3,IVFR,120,130,NA
463,2,SCAM,45,120,NA
464,2,BareOrWater,NA,NA,NA
464,2,C4,40,90,NA
464,2,Dead,30,NA,NA
464,3,SCAM,70,180,NA
465,5,C4,20,70,NA
465,1,Dead,10,NA,NA
465,1,PHAU,70,160,NA
465,1,SPCY,145,170,NA
466,1,C4,60,90,NA
466,4,IVFR,90,170,NA
466,1,SPAL,70,110,NA
466,3,SPCY,70,150,NA
467,4,C4,70,105,NA
467,1,Dead,5,NA,NA
467,4,IVFR,120,180,NA
467,1,PHAU,105,190,NA
468,4,C4,25,100,NA
468,2,Dead,10,NA,NA
468,0,AMAR,95,95,NA
468,2,IVFR,140,160,NA
468,1,PHAU,75,90,NA
468,0,Unknown,90,90,NA
469,3,C4,35,90,NA
469,3,Dead,20,NA,NA
469,2,IVFR,130,155,NA
469,2,PHAU,60,195,NA
469,2,SCAM,75,150,NA
470,4,C4,30,90,NA
470,3,KOVI,130,185,NA
470,1,PHAU,70,120,NA
470,0,SCAM,160,160,NA
470,2,SPCY,160,180,NA
471,2,C4,30,60,NA
471,2,Dead,20,NA,NA
471,4,SCAM,80,140,NA
472,3,C4,40,70,NA
472,3,Dead,15,NA,NA
472,2,SCAM,35,115,NA
473,3,C4,30,70,NA
473,2,Dead,10,NA,NA
473,3,SCAM,45,100,NA
474,3,C4,40,75,NA
474,2,Dead,15,NA,NA
474,4,SCAM,70,110,NA
475,1,C4,45,90,NA
475,3,Dead,10,NA,NA
475,3,SCAM,40,115,NA
476,4,C4,30,60,NA
476,1,Dead,15,NA,NA
476,2,SCAM,55,100,NA
477,3,C4,45,75,NA
477,3,Dead,10,NA,NA
477,2,SCAM,50,100,NA
478,4,C4,50,70,NA
478,NA,Dead,10,NA,NA
478,1,IVFR,120,120,NA
478,1,PHAU,70,170,NA
478,0,SCAM,80,120,NA
479,2,BareOrWater,NA,NA,NA
479,1,Dead,5,270,NA
479,1,IVFR,160,160,NA
479,5,PHAU,120,250,NA
480,1,C4,20,50,NA
480,2,Dead,10,NA,NA
480,2,IVFR,170,180,NA
480,4,SPCY,200,320,NA
481,1,C4,30,100,NA
481,1,Dead,20,NA,NA
481,4,IVFR,120,180,NA
481,3,SCAM,150,160,NA
481,1,SPCY,160,190,NA
482,3,C4,40,100,NA
482,2,Dead,10,NA,NA
482,5,IVFR,130,150,NA
482,0,SPCY,180,190,NA
483,3,BareOrWater,NA,NA,NA
483,1,Dead,5,230,NA
483,1,Hibiscus,160,160,NA
483,3,KOVI,100,185,NA
483,4,PHAU,60,250,NA
484,2,Dead,10,250,NA
484,3,KOVI,190,190,NA
484,4,PHAU,100,250,NA
485,1,Dead,20,120,NA
485,5,PHAU,180,290,NA
485,0,Unknown,NA,NA,NA
486,1,BareOrWater,NA,NA,NA
486,4,Dead,20,280,NA
486,4,PHAU,110,260,NA
487,3,Dead,60,NA,NA
487,1,SCAM,70,125,NA
487,4,TYLA,90,190,NA
488,1,C4,60,70,NA
488,4,Dead,15,NA,NA
488,4,SCAM,60,130,NA
489,1,BareOrWater,NA,NA,NA
489,2,C4,40,80,NA
489,4,Dead,30,NA,NA
489,3,SCAM,90,130,NA
490,3,BareOrWater,NA,NA,NA
490,3,C4,10,70,NA
490,1,Dead,15,NA,NA
490,3,SCAM,10,125,NA
491,5,C4,20,70,NA
491,1,Dead,0,95,NA
491,2,SCAM,30,120,NA
492,1,Dead,0,220,NA
492,4,IVFR,165,180,NA
492,NA,PHAU,140,210,NA
493,1,Dead,30,210,NA
493,5,PHAU,110,210,NA
494,1,Dead,20,250,NA
494,0,IVFR,190,190,NA
494,4,PHAU,130,250,NA
494,0,SPCY,15,210,NA
495,3,C4,50,100,NA
495,4,IVFR,160,160,NA
495,0,SPCY,215,215,NA
496,2,Dead,100,260,NA
496,5,PHAU,75,210,NA
497,1,Dead,60,310,NA
497,5,PHAU,90,290,NA
498,2,C4,100,110,NA
498,2,IVFR,160,190,NA
498,3,KOVI,15,170,NA
498,3,PHAU,130,280,NA
498,1,SPCY,170,230,NA
499,1,Dead,10,270,NA
499,5,PHAU,145,230,NA
500,2,BareOrWater,NA,NA,NA
500,1,Dead,5,300,NA
500,5,PHAU,110,260,NA
501,4,Dead,70,NA,NA
501,4,PHAU,55,85,NA
502,2,BareOrWater,NA,NA,NA
502,1,Dead,20,180,NA
502,5,PHAU,70,120,NA
503,4,Dead,15,225,NA
503,0,IVFR,120,120,NA
503,2,PHAU,150,200,NA
504,3,BareOrWater,NA,NA,NA
504,1,Dead,5,250,NA
504,3,IVFR,180,200,NA
504,3,PHAU,80,235,NA
505,0,BareOrWater,NA,NA,NA
505,2,Dead,25,NA,NA
505,4,PHAU,80,230,NA
505,0,SCAM,160,160,NA
506,4,BareOrWater,NA,NA,NA
506,1,Dead,15,270,NA
506,4,PHAU,50,106,NA
507,3,BareOrWater,NA,NA,NA
507,NA,Dead,290,NA,NA
507,3,KOVI,15,30,NA
507,3,PHAU,100,210,NA
508,1,BareOrWater,NA,NA,NA
508,1,Dead,5,270,NA
508,4,PHAU,60,270,NA
509,4,C4,90,60,NA
509,1,Dead,5,NA,NA
509,1,IVFR,100,105,NA
509,1,SPCY,170,200,NA
510,5,BareOrWater,NA,NA,NA
510,1,Dead,0,280,NA
510,3,PHAU,60,280,NA
511,1,Dead,60,NA,NA
511,NA,SPCY,200,290,NA
511,3,TYLA,110,140,NA
512,4,C4,70,100,NA
512,1,Dead,30,240,NA
512,5,PHAU,120,210,NA
513,NA,Dead,20,30,NA
513,3,IVFR,100,140,NA
513,0,SPAL,100,140,NA
514,1,Dead,20,250,NA
514,4,IVFR,160,170,NA
514,4,PHAU,20,110,NA
515,4,BareOrWater,NA,NA,NA
515,1,Dead,10,NA,NA
515,1,IVFR,175,175,NA
515,3,PHAU,20,250,NA
515,3,SPAL,90,180,NA
516,3,BareOrWater,NA,NA,NA
516,2,Dead,5,NA,NA
516,1,IVFR,160,170,NA
516,1,PHAU,120,120,NA
516,0,SCAM,135,135,NA
517,3,BareOrWater,NA,NA,NA
517,1,Dead,10,255,NA
517,3,IVFR,215,215,NA
517,4,PHAU,110,240,NA
518,4,BareOrWater,NA,NA,NA
518,1,Dead,5,240,NA
518,4,IVFR,250,170,NA
518,1,PHAU,70,225,NA
519,4,BareOrWater,NA,NA,NA
519,1,Dead,25,265,NA
519,4,PHAU,25,140,NA
520,4,BareOrWater,NA,NA,NA
520,NA,Dead,240,NA,NA
520,3,PHAU,150,250,NA
521,4,Dead,250,NA,NA
521,4,PHAU,60,210,NA
521,0,SCAM,90,110,NA
522,5,BareOrWater,NA,NA,NA
522,1,PHAU,50,200,NA
523,1,Dead,150,210,NA
523,4,PHAU,100,280,NA
524,2,Dead,20,250,NA
524,4,PHAU,80,225,NA
524,0,SCAM,120,120,NA
525,2,BareOrWater,NA,NA,NA
525,2,C4,60,100,NA
525,1,Dead,10,200,NA
525,3,PHAU,130,230,NA
